fixed acidity,volatile acidity,citric acid,residual sugar,chlorides,free sulfur dioxide,total sulfur dioxide,density,pH,sulphates,alcohol,quality
8.68,0.607,0.143,5.22,0.0712,45,140,0.99553,2.95,0.544,10.35,4
10.43,0.296,0.163,3.06,0.0965,67,156,0.999,3.1,0.532,11.46,6
4.22,0.359,0.248,1.13,0.1587,55,128,0.99876,3.5,0.768,10.43,6
10.08,0.415,0.25,3.06,0.0791,73,138,0.99499,3.23,0.761,10.07,3
8.74,0.602,0.378,2.1,0.099,26,112,0.999,3.23,0.675,11.75,6
10.41,0.737,0.331,3.3,0.0375,50,117,0.99744,3.47,0.746,12.17,5
10.89,0.306,0.475,1.99,0.1377,59,98,0.99392,3.35,0.605,9.16,6
5.19,0.425,0.013,2.86,0.0933,39,84,0.99884,3.32,0.503,11.81,5
9.12,0.583,0.074,2.12,0.1046,26,116,0.99586,3.37,0.615,10.68,7
8.71,0.588,0.451,1.02,0.0478,24,44,0.99595,3.44,0.676,9.11,6
9.57,0.796,0.069,5.35,0.0407,44,117,0.99634,3.55,0.705,10.03,6
11.04,0.636,0.24,1.69,0.0721,54,127,0.99694,3.1,0.553,10.33,4
8.02,0.553,0.014,3.16,0.1113,46,116,0.99624,3.39,0.35,11.2,5
7.21,0.545,0.443,7.29,0.1046,32,108,0.99844,3.52,0.694,10.92,7
7.66,0.667,0.0,1.93,0.0948,13,39,0.999,2.99,0.324,10.05,3
5.5,1.08,0.187,3.99,0.0346,24,30,0.99608,3.41,0.59,11.21,5
12.03,0.677,0.062,1.72,0.0395,43,113,0.99397,3.3,0.368,9.78,6
11.11,0.774,0.336,3.96,0.0892,47,99,0.99589,3.12,0.854,9.98,4
7.9,0.721,0.343,2.25,0.03,58,64,0.99508,3.27,0.796,12.52,6
8.67,0.544,0.537,0.99,0.053,33,109,0.99571,3.59,0.81,8.68,6
6.52,0.198,0.324,4.3,0.1036,23,121,0.99421,3.03,0.435,11.33,7
7.18,0.458,0.117,2.65,0.1503,8,56,0.99751,3.43,0.392,9.22,3
9.79,0.546,0.29,3.61,0.0883,61,109,0.99414,3.15,1.038,10.86,6
8.95,0.632,0.378,3.13,0.1223,62,121,0.99464,3.63,0.677,10.54,4
8.89,0.669,0.438,1.95,0.1196,48,84,0.999,3.73,0.315,9.73,5
8.09,0.658,0.266,5.14,0.0591,48,75,0.99403,3.18,0.58,10.35,3
9.53,0.12,0.459,3.55,0.1575,46,138,0.99443,3.3,0.496,9.38,3
4.98,0.519,0.255,2.06,0.1122,54,126,0.999,3.43,0.787,11.01,8
8.83,0.483,0.051,2.88,0.0958,51,139,0.9965,3.51,0.453,11.23,6
11.48,0.333,0.077,6.9,0.143,72,128,0.99463,3.4,0.566,11.78,3
9.72,0.581,0.232,2.59,0.1271,58,129,0.99483,3.09,0.776,12.28,5
5.76,0.614,0.226,2.63,0.1166,52,88,0.999,3.17,0.698,10.09,4
8.86,0.381,0.261,6.4,0.03,58,152,0.99816,3.33,0.573,9.76,4
7.58,0.69,0.586,10.99,0.1025,15,68,0.99722,3.23,0.461,9.81,3
10.86,0.246,0.292,1.81,0.0923,32,51,0.9982,3.32,0.702,11.88,5
8.39,0.374,0.438,2.81,0.087,46,83,0.99608,3.12,0.316,9.93,4
11.98,0.688,0.359,2.82,0.1169,59,71,0.99695,3.16,0.715,11.0,5
12.0,0.657,0.406,5.09,0.0605,46,133,0.99756,3.12,0.66,9.02,3
9.11,0.683,0.074,7.49,0.1252,44,119,0.99567,3.4,0.596,10.35,5
8.6,0.613,0.343,2.63,0.0826,15,96,0.99688,3.43,0.473,10.75,4
10.6,0.518,0.562,1.1,0.1153,36,69,0.999,3.31,0.718,10.18,6
7.11,0.398,0.145,2.92,0.03,47,71,0.99464,3.05,0.699,9.92,5
8.96,0.487,0.154,2.85,0.0956,66,104,0.9958,3.35,0.498,8.71,4
7.86,0.856,0.177,5.16,0.03,47,109,0.9956,3.3,0.25,12.37,5
7.4,0.872,0.435,1.47,0.1403,37,122,0.99805,3.51,0.664,10.7,6
9.84,0.475,0.112,2.26,0.0968,64,89,0.99869,3.3,0.86,12.55,5
8.45,0.853,0.177,5.57,0.0741,37,81,0.99401,3.16,0.598,11.11,6
11.89,1.013,0.155,3.77,0.1066,28,36,0.9961,3.32,0.593,11.54,5
7.26,0.291,0.083,3.24,0.083,8,47,0.99536,3.22,0.697,10.13,6
6.57,0.518,0.0,3.81,0.0406,12,19,0.99757,3.22,0.505,10.53,3
8.25,0.354,0.254,2.78,0.0783,65,104,0.99671,3.24,0.608,10.57,5
9.2,0.856,0.449,1.58,0.0682,14,112,0.99829,3.26,0.838,10.54,4
8.0,0.352,0.0,2.95,0.0532,57,141,0.999,3.27,0.694,12.39,8
9.41,0.479,0.303,3.16,0.0623,58,125,0.99289,3.24,0.962,10.26,5
6.84,0.59,0.683,8.75,0.0751,66,161,0.9929,3.42,0.689,10.57,4
9.65,0.52,0.16,2.55,0.1253,47,84,0.99671,3.13,0.766,9.81,4
6.64,0.335,0.344,4.01,0.1292,74,167,0.99746,3.32,0.564,10.75,4
5.74,0.39,0.343,3.65,0.1068,33,59,0.99513,3.22,0.611,9.74,5
5.3,0.41,0.086,5.39,0.1408,21,90,0.99683,3.22,0.69,10.09,5
10.77,0.318,0.285,2.95,0.1509,27,43,0.99721,3.44,0.877,12.32,8
9.34,0.649,0.0,1.86,0.1873,62,113,0.99427,3.43,0.63,10.3,5
9.31,0.632,0.259,15.0,0.0466,44,87,0.99726,3.35,0.819,9.35,3
7.74,0.458,0.66,1.27,0.1196,52,90,0.99787,3.45,0.883,12.05,7
9.67,0.479,0.718,2.04,0.1184,13,88,0.99675,3.57,1.012,10.32,6
6.98,0.446,0.0,2.64,0.1012,33,78,0.99399,3.43,0.69,11.59,5
6.88,0.282,0.02,8.08,0.0644,53,111,0.99496,3.33,0.73,11.62,6
8.54,0.532,0.458,2.2,0.1202,72,113,0.99751,3.45,0.563,10.9,6
9.02,0.617,0.26,1.66,0.1612,63,101,0.999,3.14,0.721,10.89,6
6.95,0.277,0.411,3.64,0.1508,23,94,0.99746,3.22,0.75,9.78,3
10.06,0.387,0.334,5.98,0.1475,68,163,0.99621,3.3,0.634,10.52,5
6.48,0.794,0.131,1.44,0.0924,11,110,0.99704,3.34,0.423,11.89,4
8.34,0.654,0.557,4.02,0.03,19,95,0.99621,3.13,0.595,10.18,4
9.4,0.529,0.0,3.61,0.0903,15,105,0.99733,3.08,0.25,9.5,5
5.13,0.546,0.211,1.83,0.0662,45,139,0.99754,3.27,0.64,8.65,4
7.96,0.498,0.234,1.52,0.1795,52,116,0.99384,3.36,0.464,10.61,5
9.4,0.712,0.078,3.37,0.0927,2,17,0.99894,3.54,0.732,9.67,4
8.8,0.415,0.186,1.85,0.0767,61,149,0.999,3.3,1.068,11.98,6
8.89,0.432,0.313,2.6,0.0911,36,119,0.99453,3.37,0.829,10.92,4
6.67,0.476,0.314,6.0,0.1107,44,132,0.99546,3.31,0.531,10.66,4
7.53,0.588,0.429,3.37,0.0862,9,85,0.99801,3.68,0.86,10.63,6
9.85,0.801,0.666,2.49,0.0875,37,130,0.99613,3.38,0.715,10.39,5
11.07,0.209,0.301,9.52,0.1306,52,128,0.99462,3.16,0.773,10.66,6
6.32,0.518,0.236,3.75,0.03,38,67,0.99386,3.39,0.626,9.19,5
7.82,0.347,0.24,2.12,0.115,47,141,0.99642,3.33,0.842,11.17,7
5.42,0.696,0.0,4.09,0.0711,6,53,0.9944,3.27,0.513,10.24,3
8.46,0.343,0.399,5.28,0.1336,69,91,0.99771,3.21,0.33,10.76,5
8.75,0.8,0.165,4.22,0.084,62,130,0.99672,3.32,0.55,9.24,3
8.19,0.622,0.575,5.08,0.0603,7,71,0.999,3.25,0.72,9.06,3
9.55,0.803,0.124,5.73,0.0977,32,108,0.99884,3.25,0.558,9.72,6
4.9,0.523,0.305,2.73,0.0642,20,44,0.99662,3.36,0.809,10.4,3
8.09,0.439,0.501,6.25,0.1456,15,50,0.99881,3.39,0.696,11.96,6
9.39,0.613,0.301,7.01,0.1023,51,91,0.99556,3.29,0.568,8.0,4
11.47,0.516,0.355,3.35,0.0468,2,20,0.99531,3.24,0.67,12.55,7
8.56,0.524,0.418,10.27,0.0622,62,68,0.99898,3.25,0.25,9.28,3
9.14,0.776,0.144,2.38,0.0836,23,90,0.999,3.41,0.771,11.08,7
5.55,0.355,0.665,2.49,0.0822,44,120,0.99869,3.33,0.703,11.32,6
6.25,0.624,0.0,1.47,0.0967,11,42,0.99453,3.19,0.514,9.78,5
11.12,0.736,0.244,3.14,0.0309,60,117,0.99441,3.0,0.833,10.83,3
8.77,0.466,0.243,2.25,0.1627,65,103,0.99798,3.45,0.573,9.8,4
8.32,0.859,0.477,2.28,0.0675,21,110,0.99508,3.15,0.689,10.21,4
7.8,0.236,0.219,4.13,0.0553,70,130,0.99518,3.12,0.596,8.97,5
8.78,0.468,0.0,2.11,0.0455,64,144,0.99641,3.4,0.346,9.93,4
5.88,0.39,0.279,2.35,0.0468,27,125,0.9955,3.07,0.6,11.74,4
10.3,0.189,0.36,6.18,0.1184,52,117,0.999,3.21,0.337,12.0,6
8.61,0.682,0.132,1.6,0.069,23,65,0.999,3.43,0.667,9.82,4
5.42,0.782,0.098,5.49,0.03,4,88,0.999,3.38,0.674,9.83,4
8.73,0.641,0.251,9.72,0.0674,70,106,0.99617,3.25,0.734,9.16,3
6.89,0.703,0.017,7.0,0.0992,72,78,0.999,3.25,0.525,11.18,5
10.67,0.547,0.348,2.04,0.1167,19,84,0.99647,3.19,0.472,10.56,4
7.06,0.266,0.216,1.21,0.0343,59,102,0.99803,3.25,0.723,10.07,5
8.05,0.433,0.166,2.45,0.03,25,70,0.99818,3.25,0.254,9.74,4
8.31,0.528,0.493,2.27,0.0407,18,95,0.99553,3.3,0.691,11.01,6
9.53,0.455,0.425,1.06,0.1651,14,68,0.99818,3.44,0.865,10.22,5
11.16,0.673,0.039,1.78,0.03,47,79,0.99624,3.37,0.579,11.02,5
8.53,0.132,0.212,2.56,0.0414,28,48,0.99774,3.29,0.858,10.3,4
9.42,1.036,0.224,4.34,0.0952,60,159,0.99534,3.23,0.719,11.4,5
6.98,0.412,0.465,3.48,0.1824,8,102,0.99766,3.43,0.888,11.1,6
8.03,0.714,0.274,2.84,0.0684,70,102,0.99792,3.47,0.758,9.64,4
8.85,0.528,0.299,4.22,0.0997,34,50,0.99804,3.31,0.603,10.13,4
8.04,0.371,0.262,3.19,0.1376,39,71,0.999,3.38,0.647,8.49,4
9.76,0.503,0.382,2.74,0.0469,56,113,0.999,2.95,0.549,10.79,5
7.15,0.571,0.0,1.06,0.1537,47,111,0.99546,3.21,0.511,9.29,5
8.11,1.004,0.514,1.96,0.0501,54,73,0.99523,3.1,0.741,10.85,5
6.71,0.403,0.307,3.32,0.1158,4,14,0.99877,3.33,0.643,9.24,6
9.72,0.552,0.021,1.28,0.1922,1,76,0.999,3.13,0.525,9.76,5
8.87,0.395,0.0,5.5,0.0603,49,93,0.99278,3.75,0.868,9.0,3
10.19,0.642,0.289,3.17,0.0832,69,160,0.99747,3.42,0.743,11.81,7
7.49,0.362,0.221,8.59,0.0694,10,45,0.99333,3.36,0.25,10.89,4
12.86,0.597,0.213,3.31,0.0825,50,90,0.99763,3.23,0.763,10.92,4
8.83,0.367,0.296,3.81,0.0686,66,110,0.99844,3.24,0.525,8.69,4
9.42,0.552,0.425,1.66,0.1155,11,64,0.99685,3.35,0.843,10.11,6
9.93,0.373,0.125,6.74,0.0914,11,103,0.99667,3.62,0.812,11.01,6
8.31,0.572,0.0,4.05,0.1004,4,22,0.99626,3.42,0.867,11.37,6
8.36,0.333,0.279,3.02,0.0837,62,74,0.99784,3.39,0.78,9.91,5
8.14,0.916,0.277,4.23,0.0837,3,96,0.99778,3.27,0.877,9.73,4
9.69,0.528,0.299,2.93,0.0909,3,22,0.99853,3.01,0.262,9.41,5
7.67,0.156,0.151,1.85,0.0887,4,96,0.9975,3.24,0.365,11.43,6
8.76,0.8,0.286,2.17,0.0735,58,156,0.99462,3.24,0.824,8.35,4
9.73,0.408,0.534,3.49,0.1165,28,72,0.99342,3.28,0.414,10.56,4
9.41,0.81,0.17,7.62,0.0804,25,98,0.99512,3.3,0.595,8.0,4
4.23,0.414,0.167,2.26,0.1091,63,158,0.9964,3.33,0.818,11.34,5
8.42,0.259,0.292,4.44,0.1025,48,94,0.999,3.19,1.117,9.51,5
6.95,0.455,0.477,1.74,0.1514,16,102,0.99822,3.44,0.715,11.58,5
7.92,0.559,0.106,4.07,0.0394,26,104,0.999,3.55,0.678,9.2,3
9.98,0.254,0.315,3.91,0.0893,48,102,0.99794,3.26,0.292,10.68,6
12.33,0.545,0.043,1.99,0.1032,57,66,0.99886,3.33,0.73,10.94,6
6.79,0.536,0.508,4.12,0.1189,23,57,0.99337,3.15,0.655,9.95,6
7.11,0.319,0.044,1.45,0.0701,66,142,0.99407,3.13,0.824,8.53,4
8.58,0.253,0.083,2.98,0.1347,46,67,0.999,3.5,0.761,9.49,5
8.68,0.529,0.128,2.58,0.03,25,113,0.99704,3.44,0.833,9.5,4
6.66,0.746,0.24,6.1,0.0926,35,116,0.9965,3.31,0.465,11.21,5
9.56,0.469,0.0,2.56,0.1521,26,99,0.99338,3.37,0.803,10.14,4
6.84,0.636,0.519,6.0,0.0867,36,87,0.99791,3.38,0.553,11.26,4
5.71,0.497,0.247,5.93,0.0705,36,131,0.99639,3.14,0.46,12.15,6
6.45,0.564,0.184,9.22,0.1287,55,70,0.99297,3.1,0.599,8.15,3
9.67,0.77,0.292,0.9,0.0815,29,87,0.99793,3.06,0.663,10.62,6
7.97,0.532,0.395,3.52,0.03,37,117,0.99644,3.35,0.695,9.95,5
4.63,0.601,0.119,6.37,0.113,25,39,0.99628,3.49,0.43,11.08,4
9.08,0.215,0.517,3.76,0.0546,21,60,0.99806,3.39,0.876,10.06,5
8.49,0.349,0.248,3.04,0.115,35,63,0.99541,3.2,0.805,10.47,6
10.28,0.277,0.076,3.87,0.1233,3,89,0.99442,3.01,0.861,9.03,6
8.52,0.596,0.0,2.04,0.1398,2,50,0.99557,3.44,0.956,9.4,3
8.7,0.391,0.146,7.32,0.1088,73,109,0.99828,3.32,0.565,10.53,4
7.76,0.65,0.0,2.86,0.1172,70,126,0.9948,3.3,0.911,8.74,5
7.45,0.361,0.0,2.5,0.0818,42,61,0.99695,3.34,0.57,9.13,4
6.64,0.41,0.077,0.9,0.1332,74,128,0.99859,3.2,0.715,10.59,6
6.33,0.676,0.555,4.59,0.13,62,141,0.99681,3.24,0.81,10.45,3
8.93,0.538,0.53,1.47,0.1269,29,70,0.99568,3.24,0.655,9.82,5
6.6,0.462,0.286,6.67,0.1206,3,16,0.99779,3.39,0.803,10.15,4
7.9,0.557,0.137,5.39,0.0564,26,108,0.99665,3.2,0.516,9.85,4
11.07,0.651,0.432,2.68,0.1398,23,66,0.99623,3.24,0.672,10.0,5
9.67,0.339,0.33,1.0,0.1164,73,172,0.99553,3.21,0.775,9.56,4
8.91,0.407,0.337,1.99,0.03,1,66,0.99683,3.2,0.718,8.71,4
8.99,0.653,0.318,3.26,0.144,2,12,0.99813,3.25,0.416,11.37,7
7.23,0.315,0.471,3.14,0.0814,58,145,0.99579,3.31,0.559,11.0,5
6.89,0.761,0.164,2.04,0.0972,28,105,0.99638,3.39,0.583,8.61,6
9.71,0.517,0.297,7.18,0.0772,34,63,0.99832,3.46,0.725,9.06,5
9.59,0.542,0.36,1.81,0.1185,29,55,0.99658,3.72,0.974,12.37,6
5.27,0.676,0.084,1.0,0.1017,51,65,0.99648,3.46,0.414,10.96,5
8.25,0.545,0.562,4.56,0.0812,4,61,0.9943,3.42,0.488,11.7,5
7.04,0.259,0.113,4.45,0.03,43,129,0.99681,3.28,0.943,9.34,4
7.42,0.493,0.225,2.59,0.1557,5,103,0.99762,3.46,0.829,11.26,5
6.59,0.57,0.295,2.64,0.0791,67,149,0.99613,3.56,0.694,9.64,7
9.89,0.677,0.242,2.69,0.043,38,79,0.99705,3.36,0.737,9.18,4
6.1,0.311,0.046,2.44,0.1936,34,70,0.9959,3.32,0.774,10.61,6
5.18,0.364,0.345,4.69,0.1337,56,142,0.99399,3.39,0.696,9.15,4
7.38,0.285,0.031,3.27,0.0665,29,40,0.99308,3.56,0.678,9.94,3
11.58,0.503,0.395,1.97,0.0321,37,47,0.99839,3.21,0.903,9.8,4
10.11,0.484,0.628,4.98,0.0843,25,55,0.999,3.53,0.368,8.0,4
10.84,0.369,0.386,6.05,0.1436,71,135,0.999,3.42,0.884,8.42,4
10.21,0.559,0.187,3.17,0.0359,69,167,0.99532,3.22,0.432,10.58,5
7.86,0.155,0.569,2.97,0.0785,54,83,0.9983,3.27,0.924,9.66,5
8.18,0.465,0.034,5.27,0.14,53,81,0.99569,3.36,0.636,11.22,3
7.81,0.658,0.16,7.92,0.03,2,68,0.9953,3.21,0.616,10.57,5
6.07,0.644,0.455,2.39,0.0449,70,145,0.999,3.51,0.44,10.23,5
6.43,0.774,0.32,3.08,0.0762,71,139,0.99538,3.43,0.822,12.16,5
9.49,0.706,0.394,3.23,0.0726,4,22,0.99623,3.11,0.736,10.93,5
7.1,0.567,0.109,2.73,0.1044,55,129,0.99619,3.42,0.646,10.59,6
8.42,0.299,0.01,3.25,0.03,47,79,0.99551,3.34,0.501,11.03,6
6.49,0.441,0.224,15.0,0.1094,42,109,0.999,3.37,0.844,10.83,4
7.69,0.446,0.189,2.49,0.0778,17,83,0.999,3.42,0.62,10.29,6
9.21,0.757,0.302,5.56,0.103,20,37,0.99393,3.35,0.585,10.64,5
5.47,0.706,0.45,1.93,0.0435,72,165,0.99751,3.38,0.88,9.72,4
8.25,0.348,0.14,2.41,0.03,53,107,0.99644,3.22,0.764,11.22,5
9.31,0.946,0.215,0.9,0.0614,55,84,0.99542,3.54,1.096,10.05,5
8.25,0.501,0.345,2.97,0.0844,50,89,0.99603,3.41,0.682,10.98,7
6.67,0.42,0.0,1.44,0.0702,40,67,0.99706,3.14,1.049,9.9,5
8.37,0.428,0.42,3.43,0.0357,28,44,0.99687,3.41,0.759,8.01,3
5.98,0.271,0.0,2.48,0.044,50,109,0.99778,3.05,0.801,10.74,6
8.0,0.391,0.064,1.24,0.0625,41,50,0.99792,3.08,0.682,12.7,6
6.68,0.856,0.595,2.82,0.17,1,78,0.99408,3.54,0.77,9.41,7
7.07,0.722,0.361,2.53,0.1274,55,124,0.99646,3.53,0.846,10.22,5
11.48,0.567,0.427,9.35,0.0897,46,117,0.9963,3.29,0.669,10.68,3
10.27,0.749,0.091,3.41,0.0836,13,36,0.99824,3.39,0.551,10.8,5
9.08,0.467,0.158,1.47,0.1346,46,65,0.99259,3.37,0.568,11.3,5
8.95,0.62,0.197,3.64,0.0886,17,37,0.999,3.29,0.72,9.93,4
9.04,0.647,0.351,3.85,0.0874,47,114,0.99668,3.19,0.613,9.74,5
8.25,0.825,0.41,2.38,0.0411,15,87,0.99732,3.11,0.693,9.27,5
7.92,0.674,0.384,2.63,0.1329,20,47,0.99333,3.45,0.788,10.88,6
7.29,0.275,0.297,4.4,0.0667,35,42,0.99612,3.27,0.743,11.28,6
8.41,0.774,0.282,1.7,0.0538,28,62,0.99473,3.05,0.845,10.75,6
6.25,0.493,0.25,8.13,0.0867,59,81,0.99853,3.27,0.694,10.54,3
8.52,0.417,0.185,5.47,0.1546,8,89,0.99581,3.27,0.511,10.21,5
10.36,0.12,0.0,3.83,0.0958,22,108,0.99644,3.69,0.591,11.7,6
9.36,0.225,0.172,1.54,0.0476,38,63,0.99545,3.24,0.759,12.18,7
8.54,0.591,0.603,6.0,0.076,38,78,0.9949,3.35,0.881,10.23,5
5.61,0.417,0.211,1.57,0.1184,46,61,0.998,3.35,0.692,9.45,3
7.46,0.342,0.203,3.37,0.116,48,53,0.99494,3.32,0.541,9.05,5
12.31,0.577,0.217,2.67,0.0721,35,89,0.99703,3.24,0.755,11.28,5
8.62,0.53,0.171,4.35,0.03,22,67,0.99575,3.34,0.935,9.15,5
6.75,0.469,0.213,2.57,0.0923,62,108,0.99743,3.21,0.713,9.87,6
8.47,0.163,0.097,1.62,0.1066,54,78,0.99825,3.42,0.493,9.66,6
8.83,0.424,0.295,2.13,0.0985,49,56,0.99688,3.31,0.394,12.14,6
8.3,0.299,0.402,2.46,0.1463,14,56,0.99839,3.2,0.971,11.32,5
8.69,0.595,0.08,5.49,0.1548,52,57,0.99833,3.45,0.685,11.94,5
6.98,0.412,0.424,3.06,0.1489,44,73,0.99732,3.37,0.475,10.01,5
11.29,0.382,0.34,1.62,0.0563,50,132,0.99706,3.26,0.604,11.53,7
7.94,0.9,0.019,4.62,0.0993,11,64,0.99524,3.48,1.028,11.31,6
8.24,0.385,0.448,4.11,0.0612,5,27,0.99543,3.34,0.94,10.84,6
7.69,0.616,0.328,1.96,0.0789,67,124,0.99718,3.44,0.638,9.71,4
10.94,0.189,0.07,1.86,0.1073,14,44,0.99529,3.21,0.488,10.41,6
7.73,0.556,0.215,2.58,0.0486,39,113,0.99582,3.29,0.929,10.9,6
6.93,0.625,0.464,2.19,0.0955,69,166,0.9979,3.42,0.834,10.21,3
9.52,0.376,0.294,4.73,0.0364,73,143,0.99841,3.28,0.682,9.71,4
6.66,0.506,0.167,3.11,0.0917,32,100,0.99161,3.25,0.25,12.33,5
5.9,0.523,0.312,1.72,0.0654,71,117,0.99653,3.48,0.691,10.88,5
7.78,0.619,0.147,3.14,0.0683,32,62,0.99813,3.5,0.798,10.32,6
7.96,0.64,0.216,3.12,0.086,67,108,0.99596,3.33,0.623,11.24,7
10.6,0.611,0.26,1.77,0.0986,30,123,0.99781,3.09,0.536,11.62,5
6.22,0.553,0.59,2.34,0.0479,60,93,0.99764,3.48,0.455,9.36,5
7.94,0.393,0.117,3.59,0.1,18,92,0.99654,3.01,0.69,8.27,3
7.44,0.275,0.506,6.07,0.0805,45,121,0.99577,3.34,0.419,10.76,5
6.23,0.899,0.0,4.44,0.0593,60,147,0.99466,3.53,0.745,11.44,4
6.8,0.596,0.238,1.98,0.1001,48,121,0.99392,3.21,0.418,11.72,6
9.16,0.328,0.331,6.61,0.1231,52,100,0.99697,3.41,0.556,11.01,6
11.2,0.838,0.435,2.33,0.1684,47,84,0.99389,3.12,0.496,9.11,4
9.49,0.296,0.369,4.11,0.0353,46,73,0.99789,3.26,0.466,10.79,5
10.69,0.522,0.0,5.84,0.1355,33,124,0.99836,3.45,0.437,11.1,5
4.0,0.468,0.516,3.93,0.0684,3,75,0.99827,3.31,0.897,10.07,4
7.91,0.665,0.069,2.23,0.0997,22,29,0.99566,2.94,0.637,11.2,6
8.14,0.501,0.096,3.55,0.0389,48,98,0.99864,3.25,0.43,8.96,5
10.1,0.456,0.0,3.59,0.1077,49,121,0.99185,3.06,0.783,12.12,5
12.26,0.684,0.379,1.66,0.0571,60,92,0.9956,3.28,0.525,9.73,4
9.04,0.35,0.359,2.49,0.0873,51,83,0.99316,3.21,0.911,8.67,4
7.87,0.397,0.191,4.45,0.0576,16,82,0.99721,2.93,0.569,9.56,5
7.23,0.447,0.05,2.34,0.0608,74,84,0.99541,3.2,0.587,11.2,6
7.95,0.494,0.314,2.0,0.0564,36,70,0.99484,3.15,0.41,11.24,7
5.99,0.138,0.0,1.04,0.1612,70,160,0.99363,3.34,0.911,10.55,6
5.83,0.576,0.842,1.22,0.0508,62,87,0.99708,3.2,0.493,8.17,4
8.76,0.444,0.289,9.84,0.1222,38,65,0.99639,3.35,0.567,9.29,3
7.85,0.918,0.546,1.81,0.0748,2,58,0.99526,3.4,0.468,9.99,5
7.36,0.22,0.411,2.06,0.0588,39,69,0.99757,3.53,0.457,10.04,5
10.42,0.405,0.228,5.57,0.0984,43,91,0.99546,3.34,0.741,9.11,4
13.83,0.235,0.128,1.75,0.125,62,67,0.99765,3.39,1.02,10.19,5
7.43,0.568,0.463,2.32,0.049,14,93,0.99404,3.28,0.787,11.46,6
6.68,0.69,0.274,5.02,0.1776,44,126,0.999,3.18,0.341,10.46,5
10.38,0.766,0.476,3.16,0.1586,73,126,0.999,3.39,0.827,11.99,7
6.4,0.721,0.249,1.42,0.0858,39,51,0.99558,3.33,0.644,10.32,5
6.69,0.425,0.618,2.18,0.1059,35,84,0.999,3.32,0.498,11.99,6
9.27,0.548,0.361,5.06,0.1006,3,56,0.99561,3.3,0.718,12.28,5
9.46,0.355,0.116,2.51,0.0896,24,97,0.99742,3.27,0.527,10.81,5
8.22,0.771,0.468,2.97,0.1161,13,97,0.99294,3.22,0.95,10.55,5
8.18,0.502,0.332,2.95,0.0597,59,151,0.99541,3.3,0.762,11.78,7
11.41,0.791,0.161,5.84,0.1373,36,72,0.99805,3.18,0.46,11.62,6
7.94,0.509,0.205,1.88,0.0734,62,100,0.999,3.5,0.677,10.08,4
10.39,0.612,0.113,1.26,0.1104,17,97,0.99644,3.35,0.25,10.06,5
8.92,0.426,0.118,4.81,0.083,69,80,0.99435,2.89,0.559,10.89,3
11.03,0.572,0.403,1.4,0.0604,64,75,0.99725,3.5,0.869,9.04,4
6.75,0.67,0.563,1.41,0.0418,40,99,0.99415,3.51,0.926,10.91,7
8.04,0.476,0.354,5.04,0.0755,71,155,0.99491,3.28,0.565,10.44,4
7.03,0.418,0.241,2.36,0.0785,15,90,0.99583,3.25,0.673,9.22,4
6.37,0.497,0.227,3.16,0.1305,43,80,0.99744,3.49,0.694,9.97,7
10.85,0.443,0.318,0.94,0.0635,71,91,0.99492,3.5,0.844,10.95,6
8.33,0.604,0.35,4.2,0.1282,40,112,0.99584,3.06,0.493,10.18,6
6.65,0.871,0.063,1.71,0.0305,49,96,0.99695,3.43,0.876,10.73,6
7.98,0.194,0.222,5.33,0.0632,54,99,0.99783,3.49,0.716,11.18,5
5.19,0.288,0.345,2.91,0.1259,4,18,0.99417,3.22,0.71,12.1,7
8.06,0.534,0.083,4.58,0.1116,33,104,0.99577,3.18,0.718,10.0,4
9.48,0.623,0.572,3.78,0.0914,5,17,0.99685,3.41,0.664,10.27,5
10.97,0.282,0.807,2.75,0.03,73,172,0.99705,3.61,0.863,10.59,6
4.0,0.719,0.486,2.12,0.1181,69,114,0.99722,3.52,0.503,12.5,7
7.29,0.695,0.088,1.96,0.0645,61,111,0.99709,3.42,0.475,11.58,5
9.2,0.796,0.385,5.59,0.1066,24,99,0.9962,3.29,0.58,9.44,5
9.04,0.598,0.396,1.14,0.0733,65,145,0.99841,3.32,1.026,8.8,4
7.23,0.758,0.125,1.43,0.0754,28,52,0.9979,3.3,0.922,11.81,6
8.5,0.682,0.146,2.53,0.0685,63,75,0.99882,3.27,0.545,10.63,3
7.62,0.805,0.107,0.9,0.1626,30,77,0.99553,3.21,0.62,11.99,6
8.38,0.435,0.19,2.43,0.0655,52,98,0.99452,3.42,0.559,12.08,4
10.68,0.671,0.031,2.99,0.0427,14,86,0.9962,3.11,0.718,9.91,6
9.8,0.448,0.165,4.87,0.1061,49,82,0.99678,3.44,0.596,10.34,5
6.43,0.521,0.401,6.48,0.03,72,160,0.99719,3.24,0.563,11.24,5
6.73,0.12,0.103,1.25,0.051,37,78,0.99329,3.38,0.616,9.53,5
9.42,0.472,0.459,3.24,0.1438,50,128,0.99501,3.2,0.698,10.54,5
5.87,0.575,0.059,4.88,0.0776,25,45,0.99526,3.07,0.903,10.21,4
8.86,0.545,0.407,3.66,0.0686,69,98,0.99715,3.53,0.584,9.92,5
9.54,0.624,0.379,3.97,0.1684,63,70,0.99431,3.46,0.696,11.17,4
7.42,0.667,0.266,2.32,0.0885,7,86,0.99758,3.26,0.834,10.33,3
8.12,0.399,0.209,2.39,0.0578,17,99,0.99432,3.62,0.512,9.54,4
9.86,0.807,0.285,1.98,0.1105,4,32,0.99523,3.56,0.692,11.45,5
12.63,0.227,0.431,3.76,0.0715,13,24,0.99462,3.4,0.788,11.69,4
9.4,0.586,0.077,5.93,0.0843,63,116,0.99693,3.09,0.775,11.48,5
8.56,0.12,0.273,3.99,0.081,43,126,0.99786,3.11,0.93,9.8,5
6.12,0.786,0.183,1.72,0.03,13,84,0.999,3.34,0.755,10.88,6
4.68,0.403,0.288,1.81,0.1136,22,81,0.99716,3.47,0.67,10.58,5
7.68,0.832,0.204,1.54,0.1732,30,83,0.9962,3.57,0.736,10.53,5
10.09,0.187,0.436,1.57,0.03,64,78,0.99569,3.35,0.625,11.01,6
8.99,0.863,0.0,3.23,0.1412,64,83,0.99695,3.43,0.872,11.12,3
9.66,0.502,0.222,1.59,0.079,14,109,0.999,3.49,0.646,12.15,6
8.85,0.443,0.278,2.03,0.0588,9,90,0.99515,3.06,0.63,10.98,6
9.24,0.472,0.088,4.89,0.0997,46,73,0.999,3.22,0.526,10.85,7
7.78,0.778,0.0,2.44,0.1139,58,132,0.9979,3.38,0.58,10.89,4
9.87,0.234,0.451,2.59,0.0945,34,64,0.99538,3.4,0.761,12.28,7
10.23,0.652,0.19,2.81,0.0543,5,40,0.9967,3.15,0.428,8.94,4
8.89,0.707,0.093,3.75,0.0746,54,142,0.99354,3.42,0.588,11.62,6
8.48,0.521,0.296,2.44,0.0907,17,35,0.99751,3.43,0.59,11.05,6
4.79,0.461,0.145,0.96,0.1008,14,66,0.99459,3.34,0.772,10.49,4
8.1,0.515,0.133,2.86,0.1305,43,87,0.99677,3.41,0.816,10.83,5
8.1,0.453,0.235,2.12,0.03,60,78,0.99643,3.36,0.926,12.01,6
8.65,0.333,0.195,7.83,0.0947,48,56,0.99728,3.38,0.533,11.02,5
10.76,0.632,0.527,1.47,0.082,23,118,0.99581,3.28,0.801,11.07,4
8.14,0.658,0.342,4.13,0.0874,30,62,0.99732,3.2,0.708,10.42,5
12.97,0.494,0.099,2.59,0.1235,17,32,0.99594,3.28,0.649,11.41,5
8.3,0.476,0.53,11.02,0.0579,71,87,0.99607,3.36,0.791,11.45,4
9.73,0.613,0.214,4.06,0.0553,11,85,0.99744,2.99,0.421,8.25,4
8.29,0.55,0.596,7.42,0.0368,65,133,0.99406,3.14,0.565,10.81,4
5.78,0.365,0.08,0.9,0.0906,47,122,0.99698,3.2,0.465,13.24,7
8.41,0.163,0.152,2.76,0.05,20,76,0.99529,3.08,0.895,12.3,6
6.94,0.493,0.0,2.02,0.0513,6,74,0.99551,3.3,0.818,11.69,5
10.19,0.436,0.152,4.54,0.0976,70,80,0.99403,2.96,0.467,10.52,3
7.95,0.307,0.981,3.65,0.0677,34,43,0.99386,3.37,0.418,11.79,6
6.53,0.721,0.221,4.2,0.068,34,81,0.99578,3.26,0.768,10.8,5
10.19,0.281,0.38,2.97,0.1057,60,150,0.99646,3.34,0.504,8.62,4
9.7,0.387,0.138,5.06,0.0571,12,77,0.99711,3.48,0.78,10.35,5
11.01,0.695,0.237,3.04,0.1031,37,112,0.99645,3.43,0.982,8.85,4
9.83,0.688,0.29,2.15,0.131,1,89,0.99738,3.13,0.505,10.43,4
8.89,0.194,0.44,3.14,0.0618,7,101,0.99578,3.17,0.769,13.0,8
8.76,0.51,0.208,5.86,0.1264,63,152,0.99589,3.19,0.618,9.75,4
9.09,0.4,0.48,3.97,0.0458,36,100,0.999,3.72,0.946,11.45,7
5.44,0.863,0.123,3.67,0.1658,58,137,0.99789,3.05,0.381,8.93,5
6.51,0.855,0.244,4.07,0.1052,19,102,0.99549,3.26,0.422,10.7,5
8.07,0.405,0.196,3.41,0.0654,48,66,0.99607,3.48,0.692,8.69,3
7.98,0.417,0.347,2.35,0.1284,29,96,0.99491,3.3,0.917,8.97,3
6.42,0.542,0.331,3.19,0.0504,18,82,0.99887,3.27,0.612,11.2,6
4.0,0.72,0.588,0.9,0.03,8,96,0.99664,3.52,0.521,10.25,5
8.29,0.642,0.461,0.9,0.0466,19,89,0.99425,3.05,0.351,10.32,5
7.87,0.332,0.282,4.42,0.0329,2,21,0.99632,3.39,0.74,10.42,6
6.34,0.725,0.17,1.64,0.0304,11,56,0.99419,3.2,0.413,8.07,4
6.57,0.47,0.21,1.56,0.1154,51,115,0.9959,3.34,1.047,9.93,4
7.36,0.307,0.151,3.32,0.1146,54,75,0.99642,3.48,0.684,10.4,5
5.39,0.813,0.253,2.76,0.0612,24,81,0.99578,3.22,0.671,10.83,5
12.16,0.763,0.531,3.37,0.1448,20,78,0.99695,3.29,0.605,8.0,4
8.42,0.327,0.492,1.68,0.0389,55,77,0.99703,3.47,0.506,11.55,6
6.82,0.656,0.562,3.77,0.1342,39,59,0.9974,3.07,0.622,9.25,4
11.27,0.764,0.064,2.26,0.0495,18,41,0.99767,3.42,0.748,11.01,6
8.49,0.714,0.456,5.81,0.0963,16,61,0.9985,3.22,0.831,10.49,3
5.92,0.422,0.101,2.28,0.0683,1,64,0.99726,3.45,0.657,11.46,7
5.57,0.343,0.353,3.79,0.082,53,91,0.99487,3.28,0.631,12.12,4
10.42,0.445,0.215,1.94,0.0935,44,135,0.999,3.23,0.682,10.5,4
7.55,0.42,0.368,8.59,0.0657,12,42,0.999,3.33,0.523,10.71,4
6.08,0.12,0.524,2.74,0.0832,12,64,0.99489,3.49,0.965,8.0,4
6.7,0.6,0.228,3.45,0.0564,38,59,0.99511,3.24,0.552,9.56,6
6.35,0.299,0.136,4.76,0.0355,65,133,0.99851,3.23,0.531,9.35,4
9.82,0.462,0.153,2.54,0.03,50,106,0.99841,3.49,0.763,10.34,4
7.99,0.68,0.508,10.6,0.0908,21,31,0.99577,3.29,0.587,10.34,4
7.78,0.692,0.339,5.01,0.1573,73,108,0.99396,3.26,0.937,10.29,6
9.93,0.659,0.08,1.41,0.0552,26,47,0.99349,3.26,0.743,10.75,6
6.78,0.698,0.348,3.71,0.1133,15,35,0.99542,3.45,0.489,12.78,6
8.15,0.689,0.427,4.3,0.1302,18,29,0.99891,3.43,0.838,11.28,4
10.29,0.72,0.821,4.37,0.071,71,127,0.99684,3.17,0.654,11.11,3
7.66,0.489,0.05,1.67,0.0592,7,43,0.99583,3.23,0.919,10.45,4
6.61,0.488,0.293,2.6,0.1008,73,142,0.999,3.44,0.529,10.47,3
5.7,0.222,0.129,5.06,0.118,1,16,0.99725,3.38,0.714,10.9,4
7.69,0.488,0.52,2.2,0.1184,71,90,0.99581,2.93,0.809,10.44,3
10.63,0.237,0.152,1.78,0.0469,21,100,0.99436,3.34,0.482,12.35,7
5.92,0.354,0.16,1.8,0.1663,58,130,0.99499,3.29,0.945,9.51,4
8.17,0.809,0.345,2.03,0.0809,66,159,0.999,3.47,0.669,11.2,6
4.62,0.341,0.182,1.03,0.0826,23,61,0.99626,3.55,0.719,9.64,5
9.38,0.593,0.541,1.77,0.0947,46,70,0.99374,3.25,0.25,10.87,5
6.85,0.206,0.681,3.63,0.1313,36,91,0.99596,3.7,0.464,10.99,6
9.6,0.796,0.044,5.43,0.1854,69,112,0.9972,3.04,0.49,10.88,4
9.24,0.79,0.429,2.38,0.0918,4,31,0.99661,3.29,0.89,10.2,5
7.04,0.245,0.498,3.15,0.0497,10,90,0.999,3.31,0.324,9.08,4
7.14,0.733,0.16,2.85,0.1001,31,37,0.99834,3.41,0.507,10.03,6
8.71,0.399,0.411,2.56,0.1115,40,117,0.99483,3.45,0.678,10.93,7
7.12,0.33,0.517,1.57,0.066,11,35,0.9955,3.48,0.749,8.01,4
7.94,0.457,0.127,1.44,0.0374,25,45,0.99689,3.42,0.81,10.82,7
12.11,0.508,0.129,5.71,0.1405,5,46,0.99743,3.36,0.733,10.12,4
6.22,0.778,0.224,2.78,0.1374,66,108,0.99515,3.28,0.57,9.03,5
11.95,0.478,0.267,4.22,0.0951,51,70,0.99794,3.13,0.475,10.58,5
10.2,0.622,0.17,3.0,0.1409,30,64,0.99579,3.27,0.944,12.13,5
7.77,0.569,0.669,6.02,0.0812,41,114,0.99768,3.29,0.799,11.67,5
7.15,0.409,0.314,1.44,0.0375,16,113,0.99661,3.11,0.645,9.47,6
7.28,0.341,0.161,2.56,0.1314,27,120,0.99662,3.43,0.54,12.77,5
12.14,0.695,0.399,2.31,0.0855,66,99,0.99705,3.2,0.645,11.05,6
6.82,0.959,0.158,1.91,0.1744,62,103,0.99711,3.4,0.611,11.32,6
6.47,0.47,0.111,0.9,0.03,10,95,0.99687,3.36,0.595,10.5,4
7.42,0.355,0.34,2.99,0.1081,3,56,0.99657,3.13,0.524,10.07,6
6.56,0.506,0.0,3.87,0.0413,29,127,0.99817,3.16,0.834,8.63,5
8.15,0.724,0.23,6.57,0.1253,18,87,0.999,3.21,0.561,12.15,4
7.83,0.447,0.062,2.36,0.1312,55,133,0.9984,3.24,0.589,10.84,5
7.16,0.356,0.361,1.55,0.0561,44,121,0.99578,3.53,0.831,10.19,5
7.36,0.47,0.234,1.63,0.1584,8,83,0.99833,3.34,0.718,11.67,6
8.36,0.504,0.236,1.94,0.03,11,57,0.99769,3.2,0.931,10.68,4
10.28,0.508,0.0,3.18,0.108,73,105,0.99837,3.41,0.342,9.03,5
6.43,0.724,0.494,1.7,0.1058,62,77,0.99752,3.54,0.65,10.41,4
10.02,0.669,0.212,2.93,0.1088,28,87,0.99711,3.23,0.666,9.88,4
10.51,0.552,0.209,1.59,0.1282,53,152,0.99267,3.3,0.75,9.93,5
9.37,0.205,0.0,2.65,0.1008,41,58,0.99573,3.22,0.63,12.1,5
11.0,0.12,0.52,8.83,0.1044,58,71,0.99815,3.4,0.706,11.0,5
10.21,0.505,0.21,3.36,0.0431,74,117,0.99882,3.38,0.811,11.27,6
5.83,0.518,0.205,1.69,0.0556,54,97,0.99441,3.35,0.531,11.76,7
5.24,0.669,0.583,13.61,0.0756,56,125,0.99471,3.32,0.812,11.2,5
6.39,0.848,0.102,5.26,0.1323,59,73,0.99808,3.12,0.542,11.2,4
9.19,0.48,0.284,4.26,0.1089,23,108,0.996,3.08,0.686,11.11,5
8.24,0.42,0.459,2.55,0.097,52,129,0.99721,3.31,0.362,10.6,6
8.48,0.277,0.301,4.54,0.03,73,150,0.99739,3.14,0.417,10.61,5
9.56,0.741,0.266,4.3,0.032,23,86,0.99841,3.35,0.536,9.64,5
6.24,0.441,0.356,1.73,0.1008,40,120,0.999,3.09,0.41,10.07,4
6.81,0.496,0.355,5.3,0.0668,70,137,0.99502,3.23,0.615,10.81,5
5.05,0.661,0.23,4.72,0.0771,33,58,0.99543,3.24,0.859,10.68,6
11.46,0.303,0.388,2.87,0.1225,25,111,0.99862,2.94,0.627,9.7,5
8.79,0.355,0.47,2.14,0.0917,40,68,0.99655,3.18,0.696,10.25,5
9.7,0.434,0.221,6.2,0.03,19,44,0.99734,3.35,1.018,10.05,7
7.71,0.318,0.418,2.35,0.0665,4,28,0.99453,3.54,0.703,11.75,5
9.88,0.256,0.705,2.99,0.0998,21,58,0.99631,3.54,0.669,10.36,5
6.0,0.56,0.439,1.6,0.1197,50,62,0.99826,3.34,0.487,9.94,3
9.13,0.602,0.26,1.61,0.0593,5,57,0.99731,3.35,0.712,9.25,5
7.96,0.631,0.081,8.03,0.125,63,125,0.99661,3.45,0.814,9.17,4
8.84,0.716,0.175,6.54,0.03,2,37,0.99329,3.16,0.542,8.8,4
8.15,0.734,0.111,5.61,0.0822,5,65,0.99413,3.1,0.705,11.03,6
8.95,0.497,0.196,3.5,0.03,4,13,0.99844,3.18,0.436,9.15,5
5.06,0.578,0.532,1.37,0.0516,54,70,0.99752,3.25,0.724,9.27,5
7.0,0.669,0.52,3.67,0.1163,27,63,0.99732,3.39,0.601,8.0,4
9.39,0.561,0.649,3.8,0.069,47,120,0.99854,3.13,0.743,9.69,4
11.39,0.708,0.119,2.89,0.0514,41,112,0.99745,3.37,0.313,8.53,5
6.92,0.376,0.238,4.26,0.0546,4,72,0.99515,3.26,0.654,8.64,7
9.41,0.558,0.0,8.4,0.1398,48,114,0.9972,3.16,0.803,11.2,6
9.28,0.867,0.469,2.18,0.1205,18,115,0.99731,3.47,0.748,10.39,6
8.74,0.38,0.637,3.45,0.0858,54,112,0.99695,3.45,0.622,9.78,5
10.85,0.368,0.068,1.68,0.03,59,153,0.99747,3.36,0.25,11.4,5
7.43,0.493,0.686,4.03,0.03,13,91,0.99642,3.51,0.9,10.07,5
9.84,0.644,0.331,2.6,0.0615,8,70,0.9961,3.31,0.474,8.99,7
7.99,0.135,0.44,3.17,0.0728,25,106,0.99652,3.28,0.839,11.23,6
10.9,0.265,0.043,1.91,0.195,25,106,0.99834,3.26,0.515,11.15,7
7.24,0.86,0.402,2.03,0.0563,1,9,0.999,3.13,0.472,9.45,4
8.65,0.821,0.521,0.9,0.0732,50,55,0.99675,3.29,0.629,9.75,5
5.95,0.659,0.133,2.96,0.0769,45,122,0.99808,3.27,0.378,9.83,5
7.07,0.69,0.363,2.43,0.0511,32,44,0.99766,3.21,0.436,12.17,5
10.97,0.498,0.335,3.21,0.16,52,79,0.999,3.16,0.862,9.81,3
7.53,0.508,0.284,2.9,0.074,59,126,0.999,3.42,0.816,9.95,4
7.77,0.488,0.558,4.21,0.03,21,88,0.99688,3.39,0.49,9.55,6
9.9,0.369,0.278,7.47,0.1094,43,94,0.996,3.4,0.554,9.5,5
6.95,0.321,0.436,1.81,0.1069,63,74,0.99303,3.18,0.296,10.91,5
8.26,0.588,0.497,4.34,0.1235,4,28,0.99706,3.44,0.583,11.88,5
7.73,0.334,0.0,1.69,0.0724,5,86,0.9972,3.38,0.554,9.46,4
8.84,0.439,0.264,2.31,0.0337,34,40,0.997,3.21,0.926,8.0,5
9.37,0.549,0.167,2.72,0.0897,12,111,0.99718,3.33,0.678,10.49,4
8.52,0.289,0.197,4.45,0.09,71,78,0.99778,3.0,0.678,8.0,3
4.84,0.798,0.135,1.45,0.0631,47,74,0.99661,3.54,0.735,10.08,5
8.12,0.407,0.177,1.39,0.0572,37,69,0.99488,3.32,0.564,10.36,5
7.23,0.543,0.0,2.93,0.106,59,136,0.99763,3.16,0.775,8.77,6
6.02,0.614,0.148,0.9,0.0568,16,29,0.99669,3.44,0.748,10.58,6
4.0,0.762,0.042,5.01,0.1407,62,114,0.99581,3.12,0.7,10.19,5
6.88,0.746,0.116,4.16,0.1196,47,122,0.999,3.33,0.738,8.38,5
10.75,0.716,0.413,2.8,0.1329,9,43,0.99704,3.37,1.028,9.38,5
8.9,0.367,0.534,4.26,0.0483,32,48,0.99574,3.4,0.25,10.31,5
9.69,0.415,0.361,1.0,0.0871,13,45,0.99759,3.25,0.445,11.37,5
8.42,0.317,0.37,4.09,0.0639,17,75,0.999,3.27,0.576,9.7,4
10.65,0.632,0.11,4.06,0.061,62,119,0.99775,3.5,0.816,9.96,3
8.6,0.41,0.117,1.05,0.1537,12,60,0.99589,3.35,0.667,9.22,6
9.06,0.279,0.262,3.04,0.1303,57,96,0.999,3.4,0.785,10.58,5
7.92,0.23,0.263,2.32,0.0962,27,44,0.99774,3.17,0.635,10.22,4
8.28,0.762,0.392,0.97,0.1484,8,103,0.99759,3.34,0.53,10.91,6
7.88,0.12,0.359,2.51,0.1319,67,110,0.99542,3.28,0.78,9.64,5
9.66,0.931,0.355,3.79,0.0666,41,47,0.99667,3.05,0.596,9.38,3
9.88,0.709,0.641,0.9,0.03,14,21,0.99826,3.22,0.852,9.94,4
8.74,0.375,0.274,4.02,0.03,23,96,0.99813,3.28,0.44,10.16,4
9.46,0.477,0.402,5.53,0.0401,73,167,0.99287,3.41,0.909,10.68,3
8.17,0.547,0.581,1.43,0.1461,27,50,0.99614,3.01,0.809,10.96,5
9.08,0.532,0.329,1.27,0.0796,31,130,0.99722,3.48,0.617,10.8,6
9.04,0.465,0.243,5.11,0.1163,62,93,0.99421,3.64,0.429,9.91,5
6.39,0.496,0.038,2.28,0.1037,30,129,0.99376,3.34,0.555,11.48,4
4.79,0.768,0.026,5.42,0.0812,38,85,0.99853,3.21,0.62,10.61,4
10.11,0.745,0.43,2.91,0.0638,3,25,0.9967,3.24,0.852,12.06,6
8.26,0.721,0.318,1.38,0.1037,69,126,0.99611,3.08,0.625,11.03,5
8.05,0.702,0.429,1.46,0.1644,64,98,0.99624,3.24,0.804,8.23,4
7.6,0.374,0.236,8.96,0.0987,62,161,0.99774,3.03,0.546,8.74,4
7.86,0.384,0.138,1.1,0.03,21,100,0.99761,3.28,0.624,12.06,5
9.71,0.504,0.061,2.32,0.03,20,84,0.99821,3.82,0.638,11.04,4
7.37,0.51,0.312,1.79,0.0933,33,62,0.99739,3.42,1.127,10.45,5
8.05,0.413,0.171,0.95,0.0715,71,111,0.99796,3.21,0.871,12.67,6
7.34,0.631,0.163,3.9,0.03,27,94,0.99846,3.02,0.766,8.0,4
10.68,0.65,0.672,1.74,0.132,13,47,0.999,3.24,0.743,9.37,6
9.68,0.303,0.517,3.99,0.065,16,30,0.99721,3.44,0.9,10.66,6
12.16,0.71,0.17,2.73,0.1085,63,103,0.99673,3.31,0.38,10.08,3
8.29,0.545,0.478,4.06,0.1253,27,98,0.999,3.4,0.25,11.43,5
8.13,0.627,0.18,0.9,0.03,41,85,0.99511,3.55,0.718,12.61,5
9.48,0.741,0.427,2.4,0.0811,37,122,0.99554,3.43,0.594,11.29,6
6.75,0.687,0.428,4.8,0.0527,6,22,0.99791,3.36,0.519,8.21,4
9.92,0.644,0.0,2.16,0.1129,71,126,0.99827,3.26,0.787,12.24,7
8.58,0.713,0.24,2.44,0.1378,24,55,0.99543,3.15,0.268,10.34,4
9.86,0.462,0.319,1.5,0.0949,59,117,0.99758,3.38,0.844,9.66,5
7.21,0.708,0.157,2.61,0.0992,73,86,0.99641,3.47,0.928,8.39,4
7.91,0.348,0.184,1.55,0.076,18,60,0.99615,3.04,0.452,10.43,6
8.84,0.453,0.227,2.47,0.1103,22,91,0.99693,3.47,0.973,8.6,5
8.9,0.205,0.229,1.72,0.0481,56,89,0.99824,3.45,0.835,9.53,4
7.65,0.777,0.068,5.29,0.03,4,49,0.99873,3.09,0.605,8.81,3
9.98,0.499,0.234,4.84,0.1151,74,125,0.999,3.29,0.624,9.99,4
8.82,0.426,0.069,1.54,0.1062,30,56,0.9974,3.36,0.664,9.98,4
9.24,0.56,0.327,11.19,0.1234,16,89,0.99589,3.26,0.696,9.08,3
5.98,0.545,0.007,3.44,0.1086,64,114,0.99645,3.54,0.736,10.1,5
5.54,0.158,0.018,3.5,0.0385,9,99,0.99651,3.5,0.995,10.96,4
7.03,0.581,0.595,6.62,0.0431,26,80,0.99458,3.24,0.553,10.23,3
9.37,0.784,0.527,3.78,0.127,64,136,0.99483,3.22,0.66,13.06,6
8.94,0.579,0.538,1.83,0.0436,52,104,0.9925,3.37,0.697,9.84,7
10.92,0.451,0.367,1.14,0.0777,49,68,0.99588,3.37,0.39,10.22,5
7.5,0.495,0.422,0.9,0.0463,19,27,0.99508,3.18,0.754,11.64,7
8.61,0.55,0.781,9.4,0.1396,31,41,0.99713,3.21,0.58,9.37,3
6.64,0.643,0.0,3.33,0.0303,67,149,0.99599,3.11,0.747,11.09,7
10.26,0.578,0.363,3.56,0.1097,51,111,0.999,3.31,0.624,9.22,4
7.44,0.289,0.562,4.07,0.05,71,135,0.99784,3.22,0.845,9.63,5
9.79,0.519,0.048,2.15,0.1107,74,114,0.991,3.15,0.372,10.69,4
8.5,0.691,0.188,3.87,0.1102,71,90,0.99484,3.31,0.316,9.52,4
7.44,0.566,0.081,1.35,0.0994,36,55,0.99609,3.53,0.86,9.85,7
6.57,0.243,0.045,3.2,0.144,19,92,0.99582,3.06,0.604,8.17,3
9.26,0.478,0.0,4.6,0.1666,19,53,0.99595,3.27,0.824,12.19,5
7.68,0.395,0.337,1.76,0.03,44,71,0.99383,3.22,1.271,11.15,6
4.8,0.526,0.479,15.0,0.08,35,79,0.9973,3.24,0.597,10.78,3
11.9,0.575,0.348,1.37,0.0649,28,110,0.99594,3.38,0.587,9.71,5
9.13,0.493,0.212,4.09,0.1251,68,102,0.99484,3.21,0.706,8.32,4
9.62,0.447,0.269,2.93,0.1291,29,34,0.99472,3.26,0.39,10.8,6
7.31,0.776,0.246,6.56,0.03,7,76,0.99637,3.28,0.587,10.78,5
6.34,0.432,0.562,2.54,0.0857,55,88,0.999,3.42,0.794,8.26,4
7.64,0.527,0.181,1.72,0.0588,41,118,0.99588,3.18,0.592,8.75,5
10.5,0.206,0.425,4.89,0.1094,30,76,0.99809,3.38,0.648,10.3,6
6.68,0.708,0.978,1.9,0.1328,11,50,0.9986,3.39,0.336,10.71,5
8.56,0.464,0.307,4.77,0.0444,52,92,0.99567,3.38,0.799,10.21,3
7.07,0.383,0.0,1.43,0.0874,68,145,0.99698,3.12,0.914,8.0,6
7.67,0.28,0.753,2.0,0.0474,74,117,0.99461,3.34,0.284,10.55,4
10.54,0.498,0.047,1.78,0.03,64,94,0.99248,3.37,0.75,10.21,7
9.79,0.777,0.492,1.33,0.1342,12,42,0.99678,3.21,0.838,8.79,4
9.2,0.663,0.441,1.44,0.1308,54,129,0.99666,3.44,0.687,10.38,7
9.29,0.492,0.197,6.93,0.0459,39,132,0.9954,3.35,0.719,9.65,4
6.9,0.419,0.075,10.02,0.1321,12,34,0.99883,3.32,0.912,8.02,4
11.05,0.781,0.579,1.04,0.0379,64,70,0.99737,3.32,0.992,10.4,4
7.77,0.375,0.224,6.08,0.1194,64,87,0.99301,3.38,0.708,11.4,5
9.9,0.559,0.003,3.84,0.0463,73,104,0.99566,3.19,0.449,11.67,4
11.51,0.505,0.46,3.02,0.0881,1,84,0.9969,3.22,0.612,11.27,6
7.1,0.812,0.369,1.35,0.0822,73,158,0.99776,3.37,0.688,10.03,7
6.21,0.504,0.0,5.54,0.03,49,95,0.99736,3.46,0.439,9.61,5
8.87,0.958,0.45,1.06,0.0735,69,105,0.99722,3.29,0.773,9.03,5
8.44,0.581,0.325,2.7,0.0824,2,71,0.99809,3.19,0.497,8.0,4
9.06,0.299,0.432,1.93,0.0405,58,149,0.9939,3.32,0.995,10.49,5
7.23,0.715,0.759,2.61,0.0661,30,68,0.99635,3.42,0.424,10.52,7
7.59,0.8,0.072,6.45,0.1295,61,74,0.99517,3.37,1.105,9.88,3
7.67,0.57,0.321,0.98,0.0835,35,47,0.999,3.52,0.455,11.7,7
9.84,0.687,0.262,1.41,0.0662,56,77,0.99747,3.44,0.304,11.51,6
9.57,0.904,0.427,2.35,0.0326,25,79,0.9975,3.45,0.877,10.98,5
8.52,0.65,0.149,5.34,0.0554,58,78,0.99781,3.37,0.494,9.57,5
13.06,0.251,0.351,4.11,0.0827,44,137,0.99639,3.35,0.725,12.35,6
10.56,0.358,0.553,8.2,0.0746,31,108,0.99502,3.06,0.696,11.87,5
7.01,0.53,0.66,3.29,0.0473,32,56,0.99666,3.32,0.438,8.85,4
8.01,0.488,0.372,3.62,0.0589,69,105,0.99751,3.38,0.25,10.65,4
11.52,0.385,0.034,2.1,0.0502,51,89,0.999,3.2,0.587,11.02,4
7.49,0.754,0.495,0.9,0.1451,40,135,0.999,3.23,0.769,9.19,5
13.16,0.47,0.0,7.33,0.1413,13,25,0.99511,3.32,0.592,11.23,4
8.75,0.911,0.0,3.54,0.0874,6,61,0.99783,3.08,0.642,11.68,5
9.69,0.48,0.122,2.87,0.1046,14,53,0.99823,3.48,0.765,9.58,3
8.41,0.656,0.077,1.88,0.147,29,126,0.99451,3.03,0.344,10.03,4
5.81,0.828,0.318,7.26,0.1255,11,88,0.99593,3.12,0.567,11.0,4
9.85,0.674,0.479,1.27,0.0543,54,62,0.99617,3.37,0.904,12.22,8
7.28,0.613,0.366,1.54,0.1013,40,103,0.99438,3.54,0.559,11.01,5
8.91,0.714,0.0,2.29,0.0748,51,79,0.99595,3.43,0.688,9.78,4
10.46,0.734,0.0,4.1,0.1227,6,72,0.99635,3.47,0.555,9.91,6
8.91,0.611,0.237,2.61,0.03,34,106,0.99814,3.33,0.603,10.76,7
6.38,0.624,0.261,4.34,0.03,15,70,0.99611,3.27,0.659,10.48,3
7.72,0.726,0.44,4.73,0.1035,27,118,0.99554,3.17,0.425,10.38,4
5.06,0.507,0.431,2.6,0.0963,9,37,0.9958,3.35,0.933,8.98,7
7.41,0.385,0.374,6.08,0.108,1,54,0.99899,3.54,0.797,10.63,5
8.6,0.883,0.083,1.44,0.0518,41,117,0.99802,3.1,0.896,10.96,6
8.56,0.533,0.0,2.33,0.03,69,118,0.99415,3.36,0.633,9.74,5
8.53,0.375,0.022,2.97,0.0661,70,123,0.99688,3.34,0.365,10.98,6
8.0,0.623,0.527,4.75,0.03,8,48,0.99534,3.62,0.579,11.48,5
8.63,0.231,0.79,6.63,0.0409,5,74,0.99389,3.41,0.748,11.24,5
6.87,0.639,0.0,1.99,0.1206,16,72,0.99637,3.33,0.798,11.89,5
7.07,0.489,0.0,3.49,0.072,6,66,0.999,3.48,0.648,9.15,4
7.17,0.181,0.588,1.69,0.0643,26,59,0.99751,3.25,0.442,10.99,6
13.74,0.543,0.284,2.53,0.0457,25,85,0.99594,3.52,0.84,12.2,7
9.72,0.363,0.45,3.92,0.064,44,69,0.99836,3.06,0.631,11.92,6
11.88,0.571,0.021,4.1,0.0944,43,120,0.99787,3.23,0.593,8.0,3
7.26,0.475,0.257,3.43,0.1053,45,52,0.99602,3.31,0.688,9.85,4
6.78,0.369,0.64,2.12,0.0349,58,154,0.99888,3.58,0.715,10.64,5
6.26,0.619,0.239,2.85,0.0917,34,50,0.99469,3.13,0.642,8.0,3
7.03,0.264,0.259,2.33,0.1614,52,83,0.999,3.42,0.809,10.78,6
7.11,0.377,0.426,3.16,0.0544,32,89,0.99773,3.35,0.806,8.52,5
7.46,0.544,0.583,2.29,0.1023,43,87,0.99699,3.13,0.77,9.93,7
7.71,0.522,0.379,2.06,0.075,29,39,0.99606,3.26,0.551,9.68,3
8.98,0.441,0.359,2.17,0.0854,41,75,0.99312,3.39,0.549,9.73,5
9.53,0.372,0.135,3.41,0.1195,27,67,0.99517,3.23,0.622,10.03,4
9.52,0.368,0.425,2.06,0.1001,25,75,0.99667,3.36,0.786,8.1,5
13.14,0.64,0.392,1.52,0.1094,47,54,0.99547,3.34,0.458,10.9,6
7.93,0.558,0.434,4.7,0.0435,57,104,0.99507,3.32,0.716,10.63,5
11.59,0.702,0.479,1.87,0.0649,35,57,0.99724,3.45,0.694,10.84,6
10.03,0.274,0.487,2.2,0.1239,35,56,0.99433,3.02,0.751,11.62,7
10.09,0.642,0.376,1.99,0.0486,6,18,0.99658,3.03,0.719,11.49,5
8.91,0.526,0.133,2.83,0.0992,39,82,0.99475,3.1,0.732,10.38,6
8.5,0.475,0.441,3.52,0.1258,61,70,0.99462,3.29,0.579,10.8,6
11.51,0.553,0.502,2.3,0.1158,1,44,0.99896,3.22,0.363,11.55,5
11.99,0.569,0.342,3.95,0.0651,31,128,0.99465,3.36,0.574,9.22,3
8.66,0.535,0.202,2.42,0.0777,13,33,0.99275,3.28,0.772,10.82,5
8.05,0.316,0.367,3.48,0.098,21,117,0.999,3.19,0.898,9.2,6
7.79,0.407,0.159,6.36,0.0547,63,129,0.99554,3.42,0.663,9.04,5
8.87,0.584,0.117,2.34,0.0519,43,53,0.99487,3.34,0.962,9.65,6
6.33,0.546,0.298,3.52,0.066,62,134,0.99811,3.18,0.699,10.32,4
5.28,0.383,0.293,5.92,0.1354,14,90,0.99549,3.26,0.598,10.85,6
7.68,0.688,0.114,1.96,0.0342,39,84,0.99593,3.32,0.689,9.39,4
7.44,0.537,0.399,1.3,0.0987,2,55,0.9964,3.69,0.637,11.83,4
7.23,0.599,0.356,2.94,0.1006,23,45,0.99746,3.37,1.016,10.59,3
8.65,0.787,0.078,3.82,0.1559,4,39,0.99747,3.12,0.632,10.06,4
9.9,0.587,0.397,4.15,0.1697,52,145,0.999,3.47,0.631,9.91,4
9.04,0.455,0.19,2.75,0.0482,54,75,0.99897,3.43,0.511,9.89,4
9.62,0.212,0.512,3.14,0.1129,1,74,0.99683,3.47,0.848,9.17,3
8.02,0.314,0.061,2.46,0.0644,69,127,0.999,3.07,0.423,9.13,6
8.72,0.288,0.262,3.98,0.1071,37,46,0.99862,3.23,0.408,10.04,5
10.43,0.249,0.293,3.25,0.0424,39,104,0.99572,3.1,0.392,10.1,6
6.66,0.516,0.292,1.93,0.1013,29,111,0.9984,3.47,0.418,11.12,7
8.6,0.12,0.655,6.59,0.1591,64,154,0.999,3.2,0.72,12.71,4
8.66,0.498,0.456,4.39,0.0417,14,91,0.99584,2.94,0.67,10.79,6
7.7,0.522,0.341,1.74,0.1237,65,129,0.99683,3.49,0.409,9.23,5
8.59,0.572,0.292,1.87,0.1122,51,84,0.99226,3.43,0.652,9.92,6
9.82,0.625,0.475,2.27,0.1411,65,127,0.9974,3.17,0.703,12.5,7
6.9,0.589,0.015,13.23,0.0965,19,51,0.99795,3.36,0.654,12.7,4
9.88,0.638,0.457,0.94,0.0956,33,101,0.99717,3.37,0.25,10.51,8
9.58,0.377,0.195,12.18,0.121,11,78,0.99753,3.2,0.815,12.22,6
5.17,0.424,0.052,2.58,0.1709,35,96,0.99839,3.57,0.77,11.59,5
6.75,1.06,0.312,1.91,0.087,62,115,0.99531,3.43,0.652,10.87,4
9.65,0.694,0.206,6.11,0.1021,22,107,0.99506,3.18,0.889,10.7,3
11.14,0.715,0.455,2.57,0.0984,43,130,0.99795,3.18,0.858,11.64,5
8.74,0.246,0.233,8.42,0.0389,36,119,0.99772,3.29,0.387,11.54,5
8.38,0.743,0.459,2.86,0.0581,27,116,0.99581,3.22,0.826,9.07,4
8.05,0.188,0.391,3.68,0.0474,9,66,0.99727,3.33,0.519,9.53,6
9.64,0.217,0.182,3.04,0.1106,63,153,0.99631,3.19,0.435,10.55,7
6.94,0.678,0.127,7.21,0.0781,41,136,0.9984,3.4,0.72,10.01,5
9.27,0.811,0.431,2.05,0.0752,48,103,0.99791,3.3,0.509,9.07,4
7.7,0.307,0.367,2.45,0.107,30,64,0.99739,3.2,0.839,8.51,6
5.68,0.315,0.214,2.85,0.0533,66,147,0.99565,3.44,0.713,9.83,5
7.03,0.431,0.441,2.91,0.0823,21,84,0.99482,3.28,0.91,9.54,7
7.6,0.12,0.144,7.72,0.1213,55,116,0.99796,3.48,0.622,11.38,3
6.69,0.564,0.281,4.45,0.0935,47,126,0.999,3.17,0.844,11.53,5
11.44,0.625,0.115,2.74,0.1224,18,67,0.99699,3.51,0.583,10.21,5
7.75,0.398,0.22,2.7,0.03,72,143,0.99463,3.3,0.869,11.11,7
6.39,0.12,0.353,1.68,0.0958,10,103,0.999,3.33,0.737,9.9,5
10.27,0.391,0.01,2.93,0.0893,74,160,0.999,3.47,0.618,12.53,7
6.41,0.767,0.394,4.54,0.1052,27,84,0.999,3.02,0.982,10.93,3
5.74,0.672,0.382,2.18,0.0349,68,130,0.99617,3.5,0.491,11.41,5
10.84,0.52,0.487,1.78,0.0647,47,64,0.99604,3.62,0.634,10.58,6
7.32,0.508,0.53,5.0,0.0399,2,39,0.9958,3.04,0.771,11.44,6
9.78,0.466,0.421,5.08,0.0694,20,70,0.99585,3.42,0.772,11.8,5
11.1,0.68,0.43,1.66,0.1675,30,110,0.99704,3.1,0.46,8.93,3
5.54,0.664,0.037,1.99,0.0745,2,9,0.99636,3.31,0.415,11.05,5
6.86,0.281,0.414,6.47,0.0475,65,138,0.99683,3.37,0.567,10.59,5
8.17,0.478,0.543,2.11,0.0339,6,66,0.99739,3.41,0.681,9.01,5
10.34,0.446,0.532,4.52,0.0548,43,77,0.99615,3.25,0.56,10.27,7
9.35,0.733,0.376,1.78,0.079,28,70,0.99427,3.15,0.679,9.51,4
8.72,0.724,0.507,2.64,0.1132,1,93,0.99481,3.55,0.908,11.38,7
9.23,0.385,0.679,13.38,0.1066,49,77,0.99658,2.97,0.719,9.61,4
7.14,0.622,0.204,1.33,0.1157,26,92,0.99696,3.29,0.647,11.46,5
9.41,0.649,0.51,1.77,0.1311,68,97,0.99398,3.35,0.774,9.83,6
8.01,0.511,0.458,1.51,0.1151,45,50,0.99631,3.37,0.566,9.33,6
9.37,0.537,0.121,3.95,0.1223,58,123,0.99755,3.57,0.545,9.27,3
7.34,0.773,0.38,0.96,0.1912,26,35,0.99821,3.1,0.565,12.03,8
8.34,0.437,0.418,7.56,0.1079,30,54,0.99748,3.28,0.67,10.73,7
6.89,0.748,0.168,2.69,0.0893,45,137,0.99836,3.25,0.911,10.09,6
8.68,0.726,0.088,1.78,0.0873,50,55,0.99782,3.31,0.829,11.81,5
7.84,0.573,0.419,5.55,0.07,19,118,0.99369,3.4,0.846,12.63,5
7.52,0.382,0.301,2.68,0.0521,1,14,0.9963,3.74,0.431,9.7,7
8.41,0.621,0.186,6.5,0.03,74,86,0.99786,3.43,0.55,11.9,6
5.26,0.581,0.0,3.35,0.194,7,54,0.99491,3.49,0.879,10.17,6
10.08,0.229,0.316,2.46,0.0568,22,64,0.99792,3.46,0.672,10.63,8
6.43,0.637,0.197,4.13,0.1198,72,150,0.99368,3.54,0.493,9.76,6
7.27,0.41,0.039,4.61,0.0913,15,33,0.999,3.08,0.848,10.83,5
7.11,0.618,0.382,3.27,0.0847,19,56,0.99695,3.4,0.37,11.22,5
5.13,0.775,0.365,1.95,0.1001,29,91,0.99457,3.07,0.749,11.25,5
9.77,0.198,0.089,8.9,0.0928,49,91,0.99495,3.62,0.438,9.49,4
8.39,0.336,0.086,2.84,0.03,43,78,0.99722,3.36,0.801,12.06,5
8.4,0.31,0.082,2.14,0.0958,22,84,0.99601,3.35,0.643,12.75,7
11.55,0.351,0.362,5.26,0.1162,56,102,0.999,3.38,0.805,11.22,4
7.23,0.552,0.436,4.3,0.1146,40,57,0.99608,3.05,0.537,11.66,7
5.29,0.451,0.0,4.35,0.0507,52,63,0.99709,2.96,0.361,8.73,6
9.09,0.249,0.194,2.28,0.1128,38,94,0.999,3.26,0.564,9.55,6
9.35,0.232,0.258,1.54,0.0512,6,16,0.99746,3.2,0.426,12.13,7
4.43,0.12,0.965,4.07,0.03,38,87,0.99588,3.27,0.635,11.8,7
5.57,0.637,0.274,2.53,0.03,39,65,0.99584,3.24,0.591,10.7,4
9.29,0.398,0.159,3.15,0.03,23,76,0.99864,3.36,0.891,10.01,4
8.03,0.295,0.505,7.26,0.1522,43,48,0.999,3.37,0.507,10.54,5
9.7,0.39,0.029,6.55,0.0923,33,92,0.99543,3.38,0.54,11.02,3
8.42,0.521,0.0,1.65,0.03,74,152,0.99555,3.27,0.518,11.62,6
8.79,0.418,0.415,6.52,0.1204,47,134,0.99572,3.42,0.787,10.23,6
9.07,0.68,0.373,5.64,0.1245,59,148,0.99719,3.17,0.696,8.74,3
8.46,0.584,0.1,2.75,0.113,59,83,0.999,3.57,0.335,10.77,6
7.81,0.469,0.385,5.94,0.0897,36,55,0.99832,3.34,1.064,8.9,4
7.1,0.315,0.216,2.24,0.1025,7,32,0.99702,3.21,0.817,12.22,6
9.95,0.717,0.08,3.13,0.0512,8,94,0.99715,3.35,0.583,11.22,4
11.59,0.648,0.539,5.22,0.108,45,143,0.99771,3.17,0.292,11.96,5
9.8,0.156,0.148,2.12,0.0916,46,91,0.99372,3.16,0.679,11.43,6
7.04,0.679,0.322,1.66,0.03,53,78,0.99729,3.35,0.592,11.15,6
6.52,0.621,0.575,3.98,0.0618,22,112,0.999,3.18,0.575,9.32,4
5.93,0.607,0.455,2.41,0.0868,58,111,0.99551,3.54,0.758,9.91,4
8.08,0.652,0.134,4.09,0.03,3,89,0.99247,3.18,0.773,9.59,4
8.45,0.573,0.558,2.59,0.0741,45,100,0.999,3.41,1.039,9.96,5
7.53,0.794,0.215,0.97,0.0512,8,39,0.99579,3.19,0.435,10.43,7
9.98,0.485,0.099,2.46,0.03,17,95,0.99698,3.44,0.863,9.61,6
7.96,0.12,0.278,5.33,0.1335,32,67,0.99817,3.42,0.459,9.09,3
8.22,0.613,0.109,2.98,0.1034,55,77,0.99832,2.98,0.789,8.46,4
6.74,0.701,0.079,2.65,0.0656,57,87,0.999,3.44,0.657,9.23,5
9.56,0.527,0.111,1.83,0.1256,42,79,0.99777,3.37,0.771,10.97,7
7.62,0.416,0.789,5.13,0.1486,64,148,0.99746,3.37,0.815,10.47,5
4.0,0.709,0.426,1.33,0.0433,2,77,0.99863,3.31,0.424,11.03,8
10.02,0.571,0.0,2.82,0.1391,14,26,0.9941,3.27,0.398,10.07,5
6.08,0.168,0.45,8.02,0.1232,3,56,0.999,2.99,0.708,10.02,4
6.14,0.464,0.474,1.9,0.1182,33,123,0.99057,3.29,0.321,10.89,4
5.86,0.301,0.074,4.3,0.1466,66,76,0.99686,3.3,0.763,10.68,6
9.06,0.538,0.196,2.6,0.1804,47,90,0.99718,3.27,0.711,10.72,5
6.38,0.36,0.0,1.37,0.119,65,86,0.99788,3.16,0.37,10.32,4
8.66,0.817,0.2,5.11,0.117,25,86,0.99187,3.49,0.778,10.86,5
7.95,0.172,0.0,1.01,0.0758,51,86,0.99434,3.35,0.78,8.86,7
8.75,0.923,0.31,2.92,0.0663,56,106,0.9979,3.23,0.461,10.76,5
10.84,0.949,0.58,12.19,0.1236,3,32,0.999,3.05,0.781,9.81,3
10.46,0.4,0.452,2.92,0.0614,5,91,0.99593,3.18,0.614,10.55,4
8.22,0.403,0.376,1.28,0.1426,62,155,0.99582,3.25,0.355,9.6,7
12.03,0.651,0.347,2.11,0.0656,56,68,0.99599,3.48,0.877,8.69,4
7.77,0.757,0.614,4.81,0.1687,10,85,0.99867,3.31,0.675,9.28,4
6.27,0.365,0.496,2.93,0.1148,55,108,0.999,3.25,0.935,11.14,6
6.0,0.437,0.0,1.57,0.0856,39,86,0.99668,3.4,0.508,10.01,3
9.2,0.809,0.259,2.57,0.0397,3,76,0.99727,3.41,0.634,10.42,4
6.24,0.649,0.06,2.97,0.037,52,68,0.99576,3.32,0.717,10.65,5
8.98,0.499,0.509,5.1,0.1119,15,77,0.99666,3.43,0.852,9.18,4
9.62,0.485,0.388,2.34,0.1455,11,28,0.99748,3.41,0.554,8.41,4
8.66,0.846,0.112,3.33,0.03,48,107,0.99836,3.43,0.769,10.37,7
8.38,0.479,0.57,1.74,0.1248,26,92,0.9953,3.31,0.513,9.91,7
8.43,0.377,0.389,4.13,0.1088,34,63,0.99816,3.18,0.9,11.02,4
7.59,0.577,0.817,1.69,0.144,68,165,0.99489,3.26,0.25,10.02,5
10.23,0.652,0.128,2.65,0.1217,21,60,0.9925,3.42,0.886,8.0,5
9.25,0.349,0.234,2.0,0.1191,53,130,0.99856,3.52,0.517,11.24,5
6.68,0.563,0.002,4.44,0.101,17,110,0.99741,3.45,0.391,11.11,4
4.34,0.521,0.173,3.75,0.1051,46,114,0.999,3.3,1.023,9.57,6
11.06,0.608,0.147,3.54,0.0798,40,71,0.99478,3.45,0.57,10.27,5
9.83,0.744,0.352,8.2,0.0625,4,43,0.99839,3.21,0.642,9.65,3
9.94,0.581,0.142,4.47,0.0825,21,59,0.99608,3.49,0.81,10.29,4
6.1,0.682,0.208,4.41,0.0598,22,65,0.99886,3.56,0.75,11.01,5
6.58,0.399,0.172,4.71,0.0706,28,43,0.99705,3.46,0.778,10.35,4
9.4,0.55,0.227,2.47,0.1258,29,107,0.99621,3.16,0.708,10.9,4
7.79,0.346,0.388,2.56,0.0516,5,84,0.99518,3.16,0.525,8.96,5
8.03,0.324,0.0,2.71,0.0843,5,82,0.99749,3.46,0.74,8.88,4
10.52,0.67,0.396,1.27,0.0316,35,46,0.99681,3.39,1.056,11.41,4
8.45,0.514,0.278,1.39,0.0779,15,63,0.99579,3.2,0.789,10.47,6
8.67,0.632,0.163,3.33,0.1414,20,71,0.99868,3.21,0.605,10.29,5
9.92,0.486,0.259,5.77,0.0901,53,147,0.99791,3.39,0.597,12.29,5
6.65,0.364,0.353,2.58,0.0447,60,133,0.99335,3.17,0.66,12.04,7
8.77,0.939,0.467,1.32,0.0818,10,55,0.99553,3.37,0.472,10.71,5
11.61,0.362,0.22,1.69,0.0772,35,53,0.99768,3.52,0.872,9.71,5
10.28,0.469,0.556,1.15,0.0688,10,29,0.99559,3.34,0.54,10.43,5
7.61,0.921,0.605,7.67,0.1044,22,77,0.99473,3.59,0.743,9.53,4
8.63,0.492,0.295,2.77,0.0721,30,80,0.9943,3.4,1.162,10.48,5
7.07,0.476,0.658,3.78,0.0943,26,72,0.99461,3.32,0.538,10.74,6
8.07,0.475,0.004,5.28,0.057,69,129,0.99763,3.45,0.578,11.94,5
7.41,0.199,0.069,2.24,0.118,14,76,0.99612,3.47,0.727,10.19,5
8.05,0.38,0.478,2.73,0.1554,47,124,0.9937,3.2,0.839,10.56,6
9.78,0.667,0.63,2.95,0.0711,15,60,0.99519,3.29,0.488,10.48,4
6.94,0.409,0.067,5.1,0.0861,17,39,0.99584,3.17,0.761,11.4,5
10.28,0.144,0.45,3.26,0.0985,6,93,0.99745,3.07,0.725,8.4,4
11.27,0.278,0.577,3.61,0.0905,56,63,0.99455,3.29,0.439,11.86,7
5.73,0.621,0.138,2.11,0.1104,50,81,0.99329,3.38,0.565,11.05,5
8.56,0.501,0.065,1.91,0.123,2,91,0.99699,3.27,0.878,9.37,5
8.56,0.922,0.309,4.08,0.0321,38,105,0.99724,3.35,0.556,9.33,5
9.44,0.274,0.119,3.64,0.102,16,36,0.999,3.26,0.344,8.96,3
8.5,0.531,0.0,2.24,0.0969,13,28,0.99878,3.18,0.589,11.18,6
8.15,0.429,0.449,2.44,0.1491,22,59,0.99534,3.36,0.933,11.56,7
11.19,0.486,0.273,3.45,0.092,39,128,0.9979,3.16,0.259,10.81,5
10.6,0.252,0.165,2.01,0.0543,74,161,0.99793,3.29,0.664,11.5,6
7.79,0.37,0.426,1.77,0.1451,47,132,0.99499,3.17,0.737,11.2,6
8.59,0.733,0.26,1.14,0.1385,18,56,0.99693,3.22,0.653,8.9,5
9.33,0.483,0.498,4.45,0.1324,72,132,0.99613,3.19,0.36,9.05,4
6.16,0.734,0.386,2.52,0.1437,56,97,0.99655,3.55,0.58,10.63,7
9.69,0.463,0.062,2.27,0.055,15,53,0.99601,3.33,0.522,8.74,5
5.74,0.613,0.485,3.35,0.0524,51,144,0.999,3.2,0.995,9.26,3
9.82,0.437,0.489,3.01,0.109,19,111,0.99852,3.23,0.435,11.98,6
7.61,0.49,0.247,1.76,0.0852,36,52,0.99854,3.43,0.759,11.25,5
6.55,0.35,0.619,2.47,0.041,36,104,0.999,3.33,0.445,8.0,4
8.8,0.549,0.332,3.99,0.0831,49,123,0.99552,3.41,0.773,9.12,3
8.62,0.847,0.401,3.11,0.1276,40,114,0.99631,3.38,0.573,9.88,3
5.15,0.558,0.271,5.09,0.03,47,142,0.99766,3.46,0.551,8.93,4
5.18,0.817,0.0,4.23,0.1149,19,99,0.99502,3.08,0.89,11.23,7
7.98,0.645,0.47,3.81,0.03,66,165,0.99889,3.3,0.545,8.54,3
5.11,0.551,0.293,1.25,0.0833,58,102,0.99562,3.08,0.36,10.38,4
7.42,0.337,0.025,7.27,0.0818,5,50,0.99312,3.59,0.507,10.24,4
9.71,0.444,0.373,3.25,0.0645,54,100,0.99588,3.28,0.641,11.97,7
9.06,0.687,0.365,4.32,0.09,64,70,0.99593,3.5,0.796,9.41,4
7.38,0.292,0.308,7.14,0.1522,1,6,0.99741,3.41,0.306,8.44,3
7.59,0.472,0.244,3.53,0.0733,20,63,0.99221,3.21,0.596,10.32,4
9.1,0.651,0.293,1.07,0.0944,70,145,0.99703,3.51,0.416,9.11,4
7.21,0.565,0.2,1.02,0.0896,53,133,0.99706,3.28,0.302,11.11,6
5.31,1.053,0.313,1.22,0.0895,29,88,0.999,3.48,0.952,9.36,5
7.16,0.636,0.181,1.55,0.0733,41,67,0.99593,3.2,0.639,11.04,7
9.01,0.534,0.147,5.59,0.043,51,143,0.99717,3.38,0.404,10.65,4
5.96,0.433,0.185,4.26,0.071,60,135,0.99623,3.29,0.571,10.65,5
9.95,0.431,0.465,3.52,0.1613,33,119,0.99668,3.34,0.505,8.0,4
7.06,0.447,0.197,2.67,0.1264,66,159,0.99552,3.19,0.488,11.38,7
11.73,0.598,0.288,7.2,0.0672,32,53,0.999,3.08,0.759,10.59,5
7.54,1.029,0.0,2.76,0.1529,19,69,0.9961,3.11,0.959,11.07,3
10.43,0.492,0.33,1.33,0.03,27,116,0.99664,3.51,0.829,9.79,7
8.32,0.539,0.448,2.41,0.0912,54,143,0.99861,3.15,0.447,9.96,6
5.77,0.483,0.378,4.44,0.03,4,55,0.99554,3.24,0.531,9.83,6
8.68,0.468,0.139,4.02,0.1481,44,141,0.999,3.25,0.533,10.16,5
5.97,0.248,0.327,0.9,0.0506,69,114,0.99738,3.45,0.747,9.23,5
5.7,0.395,0.165,2.59,0.1236,16,113,0.99758,3.54,0.743,9.85,5
9.64,0.425,0.342,7.1,0.1256,47,63,0.99696,3.53,0.484,10.48,5
8.92,0.817,0.109,1.96,0.1285,31,82,0.99704,3.1,0.722,9.46,3
7.15,0.299,0.498,1.84,0.0828,4,15,0.99635,3.1,0.781,10.48,6
8.06,0.544,0.53,3.09,0.03,64,140,0.99841,3.16,0.711,13.61,6
7.74,0.649,0.24,6.6,0.0939,64,75,0.9939,3.42,0.51,10.36,5
7.22,0.567,0.148,1.49,0.0732,46,137,0.99842,3.38,0.806,11.59,7
7.28,0.331,0.0,3.64,0.0791,58,107,0.99757,3.49,0.777,12.96,5
8.02,0.506,0.745,2.44,0.059,43,62,0.999,3.13,0.649,12.04,3
7.81,0.12,0.362,1.21,0.0472,17,84,0.99852,3.19,0.817,11.94,6
7.8,0.715,0.221,2.8,0.0372,41,112,0.99487,3.36,0.838,10.98,4
8.65,0.609,0.178,2.39,0.098,24,123,0.99736,3.2,1.097,9.68,4
10.29,0.33,0.06,3.14,0.0748,55,95,0.999,3.46,0.691,11.56,7
10.54,0.717,0.444,2.11,0.051,6,54,0.99658,3.08,0.692,9.63,4
9.54,0.49,0.359,2.72,0.05,29,125,0.99559,3.62,0.398,12.99,7
9.24,0.59,0.17,1.98,0.0585,31,64,0.99868,3.29,0.78,11.24,5
7.48,0.534,0.354,6.33,0.03,25,35,0.99679,3.05,0.62,8.45,5
6.64,0.456,0.398,1.53,0.0798,39,122,0.99576,3.62,0.656,10.49,6
8.03,0.405,0.334,2.98,0.073,58,143,0.99427,3.13,0.382,11.06,7
8.72,0.756,0.635,2.26,0.0302,38,66,0.99777,3.43,0.483,9.59,4
7.28,0.507,0.208,2.4,0.0952,35,106,0.9941,3.24,0.611,10.92,6
5.66,0.419,0.0,2.69,0.0679,51,62,0.99843,3.1,0.401,9.59,5
10.33,0.476,0.355,2.02,0.1064,19,100,0.99749,3.24,0.798,11.06,5
8.03,0.587,0.219,1.0,0.1378,65,121,0.99493,3.48,0.738,9.24,5
10.19,0.561,0.271,6.46,0.0679,30,65,0.99895,3.38,0.792,11.21,5
8.07,0.693,0.388,2.23,0.1412,11,64,0.99646,3.08,0.638,10.24,5
9.96,0.604,0.063,4.99,0.0782,36,109,0.99544,3.39,0.936,9.89,5
9.07,0.561,0.0,1.77,0.1167,55,148,0.9944,3.26,1.113,8.45,5
10.15,0.601,0.435,4.71,0.1113,52,65,0.99492,3.45,0.63,10.36,6
9.49,0.651,0.313,2.15,0.0416,73,87,0.9973,3.05,0.67,9.45,5
8.04,0.27,0.587,2.89,0.0923,45,137,0.99634,3.01,0.649,9.64,5
8.29,0.465,0.449,1.43,0.0978,33,105,0.99655,3.06,0.526,8.91,4
11.22,0.283,0.321,1.36,0.1189,9,87,0.99621,3.47,0.359,10.62,6
7.82,0.384,0.024,1.9,0.0877,27,96,0.999,3.35,0.593,10.75,6
9.05,0.497,0.66,5.27,0.0877,16,108,0.99896,3.68,0.795,10.94,6
9.18,0.489,0.0,5.34,0.0444,14,33,0.999,3.21,0.673,9.53,4
9.47,0.453,0.259,3.52,0.0975,31,53,0.99594,3.17,0.544,10.13,4
7.97,0.445,0.056,7.24,0.0403,13,60,0.9983,3.05,0.878,10.09,4
10.06,0.306,0.278,2.77,0.0845,71,125,0.99563,3.48,0.74,11.03,6
8.39,0.362,0.31,2.03,0.0956,7,89,0.99258,3.37,1.198,9.71,4
5.39,0.169,0.109,2.31,0.1477,11,49,0.9948,3.38,0.794,9.14,4
8.43,0.409,0.056,3.97,0.03,68,154,0.999,3.36,0.759,10.41,4
8.9,0.487,0.19,2.47,0.1275,26,55,0.99747,3.55,0.6,9.2,4
7.77,0.488,0.282,6.38,0.138,42,49,0.999,3.17,0.809,9.45,4
8.33,0.669,0.38,2.24,0.0844,21,52,0.9946,3.51,0.459,11.98,5
8.52,0.693,0.364,5.13,0.1115,8,34,0.99675,3.38,0.684,9.19,4
10.17,0.466,0.175,3.9,0.0704,25,41,0.99648,3.23,0.642,10.24,5
9.02,0.446,0.122,4.33,0.035,61,94,0.99309,3.28,0.772,10.45,3
11.03,0.81,0.554,1.67,0.1399,29,99,0.999,3.21,0.735,9.72,4
6.74,0.514,0.0,0.9,0.0908,59,82,0.99807,3.42,0.694,10.84,6
7.16,0.457,0.418,3.15,0.1072,53,96,0.99583,3.51,0.892,9.52,5
9.4,0.57,0.125,2.15,0.03,6,63,0.999,3.45,0.949,10.35,3
9.41,0.702,0.322,3.6,0.0918,50,117,0.99411,3.51,0.934,9.88,5
9.92,0.633,0.537,3.85,0.0373,37,123,0.99693,3.3,0.827,11.76,5
7.76,0.604,0.267,2.17,0.1558,50,113,0.99652,3.18,0.748,11.42,5
6.91,0.515,0.384,1.88,0.1042,49,63,0.99606,3.33,0.823,9.69,6
7.77,0.454,0.303,3.02,0.1131,27,78,0.999,3.14,0.748,10.64,3
4.36,0.968,0.322,0.98,0.03,68,116,0.99684,3.34,0.839,9.62,4
9.84,0.12,0.284,2.36,0.1221,43,66,0.99481,3.38,0.647,9.5,7
7.32,0.463,0.361,2.77,0.0925,61,125,0.99732,3.38,0.71,11.14,7
6.85,0.556,0.167,3.84,0.1274,25,118,0.99558,3.08,0.937,11.19,8
8.53,0.438,0.187,1.79,0.1173,42,50,0.99626,3.32,0.826,9.47,5
10.56,0.348,0.128,2.8,0.1509,29,111,0.99825,3.11,0.805,11.06,6
9.33,0.399,0.441,4.51,0.0797,53,78,0.99535,3.19,0.672,8.83,5
7.82,0.417,0.742,3.56,0.123,60,108,0.99729,3.34,0.685,11.37,4
9.34,0.655,0.487,4.57,0.0882,34,116,0.99586,3.32,0.502,11.18,5
9.07,0.507,0.427,1.71,0.0414,32,40,0.99715,2.98,0.672,9.99,4
11.05,0.457,0.146,2.23,0.1023,46,102,0.99764,3.26,0.701,10.12,4
10.14,0.584,0.0,3.37,0.0441,69,104,0.999,3.27,0.724,10.45,4
7.76,0.211,0.0,1.74,0.0992,28,39,0.99814,3.27,0.454,9.85,6
8.37,0.442,0.0,2.41,0.0578,39,85,0.999,3.26,0.963,11.77,5
8.66,0.371,0.277,5.06,0.0754,34,56,0.99654,3.55,0.602,11.91,6
5.07,0.463,0.121,3.18,0.044,43,71,0.99529,2.86,0.41,10.42,5
4.0,0.305,0.329,4.15,0.1568,63,68,0.99538,3.25,0.522,10.9,6
8.53,0.673,0.392,7.07,0.0568,43,85,0.99789,2.98,0.479,10.41,6
9.62,0.357,0.188,2.37,0.0807,9,24,0.999,3.24,0.54,10.71,4
13.03,0.271,0.12,6.78,0.0765,41,126,0.99671,3.46,0.743,10.1,5
8.07,0.44,0.53,2.47,0.0872,42,102,0.999,3.75,0.86,9.16,6
7.87,0.447,0.381,1.34,0.0477,56,140,0.99404,3.41,0.611,12.86,6
10.35,0.576,0.288,3.36,0.0836,20,73,0.99753,3.32,0.25,12.94,8
6.52,0.767,0.311,2.32,0.0939,51,75,0.9965,3.43,0.415,12.07,5
11.5,0.526,0.455,1.35,0.0949,49,57,0.99617,3.22,0.742,12.19,7
6.76,0.618,0.18,2.05,0.1422,71,132,0.99662,3.41,0.459,9.78,6
9.03,0.402,0.476,1.92,0.1128,17,71,0.99577,3.36,0.645,8.0,4
8.48,0.286,0.406,4.13,0.1632,70,92,0.99709,3.49,0.436,9.87,7
6.05,0.612,0.581,7.53,0.0881,64,120,0.99712,3.31,0.639,9.17,3
7.61,0.815,0.593,3.54,0.0842,61,86,0.99801,3.37,0.609,10.73,5
6.62,0.444,0.415,3.7,0.0481,36,85,0.9968,3.25,0.624,9.46,3
7.48,0.471,0.511,1.91,0.0668,25,53,0.9969,3.32,0.581,11.14,6
10.18,0.678,0.281,2.05,0.095,57,132,0.99706,3.33,0.397,11.89,5
5.15,0.644,0.433,3.79,0.0804,28,94,0.99615,3.39,0.843,8.25,3
4.85,0.441,0.016,3.8,0.144,9,64,0.99555,3.33,0.618,9.17,5
8.14,0.74,0.54,5.55,0.0856,28,83,0.99666,3.28,0.814,8.98,4
6.12,0.365,0.314,2.42,0.0479,15,93,0.99417,3.21,0.68,8.0,5
9.57,0.545,0.06,2.09,0.0418,26,62,0.99548,3.28,0.761,11.16,5
8.25,0.318,0.45,10.52,0.1644,16,95,0.99399,3.25,0.605,9.13,3
9.84,0.524,0.513,4.8,0.1046,70,166,0.99566,3.31,0.649,10.76,6
5.24,0.611,0.323,4.54,0.0529,60,149,0.99705,3.13,0.528,9.04,5
8.63,0.434,0.229,1.52,0.1594,26,42,0.99471,3.55,0.667,9.35,5
12.8,0.493,0.0,3.37,0.0747,27,101,0.99628,3.21,0.706,10.14,6
9.45,0.551,0.266,5.67,0.03,4,61,0.99727,3.55,0.443,10.26,7
9.37,0.574,0.602,4.51,0.0486,4,99,0.99712,3.14,0.709,10.08,6
10.0,0.416,0.169,4.94,0.0793,43,54,0.99728,3.58,0.793,10.42,5
7.41,0.823,0.172,2.58,0.0754,60,143,0.99437,3.43,0.968,11.2,5
7.51,0.532,0.505,1.71,0.0983,2,38,0.99743,3.14,0.656,10.98,4
6.21,0.608,0.0,2.21,0.1687,68,134,0.99645,3.36,0.605,10.2,6
8.63,0.291,0.17,3.72,0.073,73,137,0.999,3.38,0.36,10.13,4
12.73,0.58,0.419,2.3,0.0873,59,69,0.99674,3.54,0.586,10.51,6
9.4,0.323,0.435,4.76,0.0597,18,62,0.9979,3.3,0.779,10.44,4
5.65,0.705,0.043,3.21,0.0906,60,131,0.99627,3.46,0.619,9.67,6
7.19,0.569,0.449,2.83,0.1893,2,30,0.99614,3.31,0.25,11.77,5
9.5,0.411,0.444,2.84,0.0312,56,135,0.99534,3.1,0.605,10.53,4
8.78,0.508,0.147,1.2,0.03,56,80,0.99128,3.39,0.647,10.49,5
7.98,0.663,0.281,1.56,0.0417,74,115,0.99492,3.27,0.673,9.07,4
7.02,0.508,0.463,5.65,0.0363,46,120,0.99862,3.33,0.913,9.2,3
6.35,0.444,0.23,2.62,0.0951,8,104,0.99659,3.44,0.763,9.0,5
5.9,0.613,0.0,2.33,0.1327,2,11,0.99841,3.54,0.513,10.46,4
10.85,0.527,0.425,1.47,0.0948,47,113,0.999,3.19,0.64,10.57,6
8.74,0.765,0.529,3.95,0.1122,22,100,0.99551,3.24,0.507,9.73,5
10.07,0.803,0.335,1.01,0.0911,56,142,0.99829,3.25,0.749,9.35,5
8.6,0.268,0.196,3.81,0.0726,10,57,0.99404,3.36,0.642,10.34,5
8.66,0.471,0.281,0.9,0.0965,2,100,0.99495,3.31,0.702,11.61,5
8.03,0.97,0.091,2.92,0.0318,9,56,0.9968,3.29,0.574,9.88,4
7.64,0.629,0.0,4.85,0.1804,53,104,0.99713,3.23,0.348,10.55,5
6.17,0.679,0.442,2.5,0.0793,16,105,0.9972,3.16,0.677,10.23,6
7.09,0.583,0.472,2.83,0.0678,24,106,0.999,3.19,0.729,9.69,5
5.49,0.581,0.446,5.58,0.0532,74,157,0.999,3.23,0.894,10.09,6
6.32,0.12,0.294,1.27,0.0859,67,148,0.99729,3.41,0.687,11.91,6
8.35,0.632,0.565,2.56,0.1033,23,89,0.99667,3.19,0.601,10.0,7
7.54,0.811,0.296,2.0,0.092,68,139,0.999,3.59,0.96,10.93,5
8.17,0.325,0.298,2.68,0.0885,64,135,0.99575,3.01,0.624,10.32,6
10.35,0.388,0.0,2.77,0.0627,12,17,0.99749,3.24,0.567,10.97,8
9.5,0.509,0.219,5.0,0.0907,8,65,0.99394,3.32,0.662,9.08,5
8.7,0.229,0.0,1.33,0.1638,30,84,0.99709,3.35,0.646,10.8,6
6.09,0.456,0.548,3.74,0.0707,62,140,0.999,3.35,0.54,11.02,6
6.38,0.313,0.284,7.29,0.1327,5,81,0.99887,3.29,0.46,9.7,5
7.17,0.613,0.539,2.17,0.0723,66,86,0.99726,3.41,0.667,9.15,7
7.01,0.562,0.044,3.37,0.085,28,68,0.99814,3.12,0.374,12.89,6
4.81,0.469,0.278,1.77,0.1282,9,99,0.99377,3.48,0.587,11.43,4
10.89,0.446,0.187,7.95,0.03,9,59,0.99798,3.13,0.591,11.3,5
8.7,0.544,0.0,1.03,0.1149,32,64,0.99701,3.21,0.654,11.74,5
9.32,0.719,0.537,2.67,0.0524,31,92,0.999,3.29,0.687,11.98,5
7.67,0.427,0.466,2.92,0.0853,43,79,0.99761,3.43,0.581,9.75,4
8.79,0.538,0.324,0.99,0.0971,11,66,0.99468,3.38,0.624,11.22,7
8.12,0.779,0.41,1.33,0.1381,26,80,0.999,3.51,0.694,9.55,5
10.03,0.381,0.114,1.99,0.0932,40,74,0.99638,3.26,0.639,9.73,7
9.53,0.717,0.029,2.37,0.1002,17,103,0.999,3.4,0.535,10.43,5
7.85,0.481,0.121,3.15,0.0443,44,122,0.99644,3.16,0.667,9.06,6
5.89,0.859,0.11,0.9,0.0431,43,110,0.99504,3.41,0.985,12.47,6
6.25,0.12,0.217,4.41,0.0957,29,94,0.99465,3.37,0.68,10.13,5
7.42,0.397,0.319,2.37,0.1101,39,63,0.99404,3.25,0.704,10.11,4
8.46,0.57,0.223,3.18,0.1323,59,130,0.99812,3.22,0.56,11.15,6
6.27,0.57,0.608,2.47,0.1033,43,86,0.9959,3.49,0.587,10.04,6
7.79,0.675,0.0,1.82,0.0608,23,50,0.99813,3.36,0.536,9.99,6
9.98,0.504,0.408,4.43,0.0907,6,86,0.99518,3.51,0.635,9.83,4
9.76,0.764,0.113,5.81,0.0661,21,99,0.99765,3.3,0.792,11.07,6
7.68,0.671,0.199,6.15,0.0497,43,98,0.99635,3.44,0.634,9.4,4
8.27,0.351,0.604,3.77,0.0581,17,27,0.99663,3.58,0.844,9.61,5
10.33,0.741,0.166,1.57,0.0304,35,78,0.99784,3.42,0.668,10.01,5
10.67,0.594,0.15,2.33,0.0466,65,102,0.99871,3.52,0.505,10.31,5
8.83,0.652,0.162,1.87,0.03,14,61,0.9977,3.51,0.664,10.45,6
9.76,0.781,0.224,2.26,0.1177,50,124,0.999,3.46,0.504,9.65,5
9.82,0.212,0.277,1.39,0.0331,61,115,0.99378,3.34,0.52,9.73,5
7.91,0.232,0.239,6.34,0.0579,43,99,0.99496,3.52,0.598,11.22,4
7.31,0.625,0.0,2.96,0.0628,50,62,0.99573,3.37,0.983,10.91,7
9.78,0.12,0.083,1.96,0.1075,62,115,0.99778,3.3,0.817,11.28,4
10.6,0.5,0.473,4.0,0.0968,16,77,0.994,3.3,0.458,10.14,4
7.27,0.563,0.449,2.31,0.0952,12,23,0.99479,3.39,0.643,11.01,6
7.11,0.459,0.317,2.95,0.03,31,71,0.99734,3.36,0.862,9.58,5
7.42,0.743,0.179,1.8,0.0935,10,97,0.99581,3.12,0.748,10.24,5
5.25,0.565,0.279,1.71,0.0682,68,77,0.99346,3.62,0.646,11.34,6
5.42,0.968,0.114,5.1,0.0466,8,66,0.99742,3.31,0.337,10.49,3
5.77,0.325,0.516,4.14,0.0739,54,114,0.99627,3.39,0.461,11.43,4
7.92,0.666,0.481,5.94,0.0588,39,63,0.99436,3.54,0.625,10.1,3
7.35,0.657,0.306,2.46,0.03,28,80,0.99694,3.14,0.848,10.28,7
7.18,0.498,0.146,2.84,0.1053,49,109,0.9914,3.44,0.908,11.6,4
7.87,0.616,0.353,3.88,0.03,44,103,0.9951,3.19,0.563,8.14,3
10.59,0.523,0.391,2.1,0.1493,60,145,0.999,3.33,0.817,11.54,7
8.68,0.276,0.289,1.48,0.03,29,63,0.99834,3.5,0.514,10.7,7
8.12,0.565,0.092,3.81,0.1179,28,77,0.99653,3.47,0.764,10.56,4
9.21,0.837,0.474,2.25,0.081,51,109,0.99756,3.24,0.25,8.49,4
6.97,0.828,0.395,2.59,0.1559,67,73,0.99429,3.09,0.469,9.57,4
8.21,0.357,0.062,6.54,0.03,26,71,0.999,2.98,0.458,11.29,4
6.84,0.547,0.293,2.16,0.1329,55,126,0.99695,3.55,0.375,10.77,6
5.1,0.79,0.094,3.54,0.1256,20,82,0.99676,2.99,0.697,9.74,7
7.8,0.309,0.211,2.83,0.0822,24,77,0.99692,3.3,0.486,10.86,5
8.14,0.558,0.219,3.12,0.1324,47,105,0.99675,3.19,0.477,9.84,4
7.46,0.369,0.029,1.16,0.0476,63,144,0.99662,3.05,0.638,9.84,6
10.19,0.71,0.094,3.88,0.1045,19,107,0.999,3.19,0.427,13.35,3
8.37,0.578,0.513,7.05,0.0598,14,97,0.99748,3.25,0.427,9.76,4
9.27,0.39,0.0,6.19,0.0833,58,117,0.99571,3.43,0.74,8.0,3
6.04,0.452,0.392,2.68,0.1167,36,83,0.99637,3.35,0.74,9.69,6
10.24,0.724,0.31,8.49,0.075,54,122,0.9989,3.19,0.857,8.58,3
9.04,0.496,0.469,5.65,0.0625,39,45,0.999,3.1,0.849,9.45,4
11.04,0.371,0.006,2.74,0.0726,67,81,0.99438,3.48,0.448,9.92,5
10.22,0.653,0.355,7.08,0.0756,19,46,0.99704,3.25,0.661,9.0,4
5.06,0.581,0.491,2.76,0.084,67,88,0.99402,3.2,0.928,12.2,7
6.31,0.521,0.811,3.8,0.1081,63,145,0.99716,3.48,0.794,10.08,5
6.45,0.46,0.348,6.62,0.0922,46,129,0.9955,3.23,0.464,10.84,4
8.55,0.582,0.344,2.21,0.1173,7,25,0.99423,3.3,0.749,9.28,5
9.95,0.671,0.207,2.8,0.0878,48,102,0.999,3.41,0.526,9.88,6
7.86,0.376,0.555,1.22,0.03,60,137,0.99874,3.38,0.602,10.32,5
8.81,0.402,0.12,2.15,0.0816,5,101,0.99529,3.19,0.738,9.55,4
6.71,0.588,0.233,3.97,0.1181,28,78,0.99751,3.18,0.741,11.05,6
7.14,0.517,0.0,2.97,0.165,17,90,0.99644,3.38,0.603,9.63,3
9.01,0.528,0.0,4.2,0.03,10,60,0.99636,3.19,0.365,9.77,5
9.87,0.397,0.147,1.01,0.0776,11,37,0.99821,3.35,0.601,11.7,7
9.19,0.644,0.239,3.6,0.1156,31,100,0.99736,3.16,0.665,11.83,4
7.14,0.375,0.285,1.88,0.0726,13,24,0.9967,3.42,0.27,12.07,7
7.01,0.731,0.0,4.81,0.03,15,54,0.999,3.52,0.585,12.05,5
7.17,0.754,0.433,1.73,0.0754,24,53,0.99663,3.38,0.513,9.89,4
8.57,0.785,0.0,4.91,0.0936,58,77,0.99645,3.39,0.577,10.78,5
11.07,0.903,0.044,1.35,0.1056,60,126,0.99333,3.11,0.556,9.92,4
7.98,0.455,0.219,3.53,0.03,7,88,0.999,3.03,0.313,11.16,6
8.43,0.758,0.324,2.97,0.113,39,60,0.99454,3.23,0.552,12.35,6
10.02,0.419,0.204,3.33,0.1145,51,58,0.999,3.15,0.547,11.18,6
9.25,0.276,0.245,2.63,0.0878,64,113,0.99489,3.33,0.718,12.05,7
9.44,0.318,0.0,4.57,0.0542,20,60,0.99656,3.49,0.396,9.49,5
8.32,0.383,0.416,3.43,0.1491,27,70,0.99787,2.94,0.656,10.0,5
8.98,0.238,0.033,3.23,0.0729,71,141,0.999,3.37,0.455,11.39,5
8.61,0.893,0.334,3.08,0.0932,38,86,0.99516,3.32,0.74,10.84,6
5.76,0.492,0.486,1.61,0.0983,41,83,0.999,3.37,0.824,8.59,5
6.6,0.751,0.123,3.46,0.1162,69,122,0.99548,3.53,0.868,12.2,5
7.59,0.763,0.153,1.84,0.0872,60,97,0.99733,3.23,1.003,10.11,5
7.11,0.395,0.447,5.11,0.0914,13,65,0.99474,3.36,0.25,9.37,4
7.11,0.55,0.29,2.51,0.0846,46,142,0.99705,3.26,0.516,9.6,5
11.74,0.28,0.393,2.84,0.0328,51,128,0.99777,3.54,0.841,10.55,5
8.84,0.603,0.353,4.93,0.03,21,40,0.99828,3.28,0.471,10.01,5
10.34,0.633,0.284,2.26,0.1171,40,98,0.99818,3.37,0.908,11.53,5
4.46,0.833,0.22,2.32,0.088,67,93,0.9966,3.24,0.672,11.2,5
11.25,0.51,0.283,2.98,0.0893,45,114,0.99595,3.32,0.693,9.99,5
6.44,0.682,0.5,5.23,0.1265,15,52,0.99865,3.39,0.551,9.82,5
11.01,0.417,0.385,4.7,0.0799,71,113,0.999,3.29,0.846,12.87,6
7.3,0.817,0.031,3.81,0.1227,23,83,0.99458,3.18,0.801,10.58,4
6.37,0.652,0.0,1.3,0.0496,64,126,0.99648,3.18,0.694,11.9,7
9.3,0.279,0.374,5.09,0.1635,17,104,0.99568,3.58,0.264,11.16,6
5.99,0.333,0.0,1.79,0.1796,64,119,0.99729,3.27,0.467,11.43,7
7.91,0.547,0.0,3.2,0.1277,3,96,0.9956,3.56,0.25,9.29,3
5.72,0.571,0.068,6.93,0.1371,69,120,0.99706,3.38,0.819,10.09,4
12.42,0.442,0.395,2.04,0.088,58,157,0.99849,3.43,0.856,11.08,5
6.72,0.567,0.477,4.86,0.1318,6,56,0.99362,3.23,0.578,8.97,3
9.42,0.142,0.241,2.69,0.0732,11,107,0.99565,3.47,0.656,9.95,6
8.78,0.366,0.124,1.28,0.1403,48,124,0.99677,3.43,0.609,10.3,4
9.31,0.376,0.235,4.76,0.03,37,74,0.9952,3.57,0.925,9.53,5
7.56,0.729,0.883,2.6,0.0467,21,102,0.99753,3.2,0.672,8.88,3
8.91,0.378,0.44,2.21,0.1421,39,47,0.99476,3.37,0.558,11.5,4
11.81,0.182,0.112,4.88,0.0645,63,111,0.9974,3.57,0.647,10.59,5
8.18,0.669,0.216,3.62,0.0918,53,65,0.99662,3.2,0.663,12.81,6
7.3,0.698,0.0,2.05,0.03,7,31,0.99526,3.2,0.723,11.05,4
6.79,0.253,0.271,1.37,0.1014,65,164,0.99432,3.4,0.498,10.78,5
8.68,0.507,0.159,2.74,0.0492,60,92,0.99736,3.29,0.483,10.26,4
7.62,0.261,0.238,2.48,0.0504,64,154,0.999,3.35,0.324,9.9,6
7.4,0.477,0.0,3.04,0.0618,31,98,0.99806,3.19,0.509,12.07,6
8.32,0.463,0.349,3.65,0.0592,51,96,0.99799,3.32,0.745,11.08,5
6.94,0.781,0.327,5.08,0.0844,30,52,0.99601,3.45,0.708,10.54,5
8.25,0.738,0.493,5.14,0.0794,40,130,0.99673,3.31,0.833,11.08,5
6.78,0.427,0.022,15.0,0.0334,63,155,0.99493,3.49,0.25,10.92,4
10.14,0.606,0.129,3.71,0.1144,73,108,0.99527,3.05,0.746,10.21,6
6.06,0.445,0.455,1.77,0.0587,61,99,0.99768,3.39,0.59,10.17,5
7.24,0.624,0.37,3.28,0.0903,52,122,0.99469,3.37,0.646,9.63,3
11.32,0.531,0.352,2.37,0.1383,16,55,0.99638,3.31,0.6,10.72,6
7.23,0.45,0.372,1.68,0.0554,63,143,0.99521,3.58,0.599,10.53,5
7.31,0.726,0.419,2.41,0.1229,11,57,0.9963,3.34,0.651,8.0,3
7.86,0.505,0.642,10.09,0.0584,68,112,0.99501,3.24,0.819,9.56,3
9.63,0.854,0.618,2.57,0.1154,11,40,0.99315,3.37,0.832,12.08,6
5.57,0.432,0.182,6.34,0.0365,15,80,0.99747,3.08,0.411,9.51,4
8.95,0.647,0.425,5.35,0.0997,23,79,0.99668,3.25,0.716,11.51,5
5.68,0.359,0.0,3.58,0.03,24,117,0.99814,3.19,0.499,9.6,5
11.08,0.645,0.355,5.33,0.0682,4,98,0.999,3.0,0.664,11.73,5
7.45,0.83,0.342,3.89,0.0546,37,125,0.99752,3.21,0.664,10.35,5
4.0,0.663,0.339,1.51,0.1006,7,81,0.99818,3.39,0.776,10.66,6
11.01,0.841,0.794,4.04,0.0903,27,111,0.99816,3.31,0.4,11.7,7
9.98,0.348,0.46,3.15,0.0954,32,52,0.999,3.49,0.743,9.58,7
7.04,0.648,0.286,1.21,0.107,63,158,0.99522,3.24,0.679,11.49,7
6.39,0.501,0.0,3.26,0.0793,68,119,0.99618,3.18,0.834,10.17,3
6.38,0.327,0.338,2.95,0.1503,16,106,0.99571,3.35,0.565,11.7,5
6.59,0.519,0.63,3.42,0.0417,11,28,0.9968,3.44,0.761,9.0,5
9.07,0.759,0.0,12.91,0.077,58,81,0.99545,3.35,0.457,11.23,4
9.58,0.519,0.398,7.55,0.092,66,103,0.9949,3.29,0.503,10.16,4
4.38,0.641,0.194,3.39,0.1084,39,64,0.9957,3.42,0.69,10.05,5
7.83,0.377,0.443,5.27,0.0996,26,90,0.99505,3.27,0.489,11.02,4
8.7,0.689,0.124,2.4,0.0835,50,61,0.99536,3.43,0.732,8.93,5
6.21,0.538,0.182,2.09,0.09,42,120,0.99357,3.19,0.25,10.21,6
9.76,0.519,0.439,4.62,0.0927,10,15,0.999,3.28,0.648,11.79,4
4.67,0.58,0.289,2.51,0.1011,30,126,0.99523,3.27,0.654,10.58,5
7.22,0.933,0.414,3.64,0.0877,69,87,0.99858,3.55,0.573,10.29,5
9.63,0.787,0.427,2.09,0.0864,41,57,0.99855,3.39,0.801,12.09,5
7.92,0.358,0.28,3.13,0.0698,29,76,0.99689,2.96,0.698,10.04,4
6.48,0.591,0.768,4.39,0.1042,23,110,0.99499,3.57,0.575,11.18,5
8.86,0.466,0.16,5.48,0.1192,51,110,0.99864,3.44,0.538,10.75,5
6.23,0.538,0.375,2.23,0.03,7,16,0.99838,3.53,0.666,12.01,6
9.78,0.45,0.676,7.85,0.1278,66,104,0.99826,3.47,0.654,11.28,4
6.08,0.575,0.064,3.69,0.0909,65,164,0.99832,3.18,0.625,10.75,5
10.26,0.804,0.257,3.11,0.0857,26,75,0.99761,3.21,0.788,8.74,3
9.97,0.293,0.384,3.59,0.124,36,125,0.99785,3.15,0.473,10.4,6
11.83,0.47,0.0,3.26,0.1304,55,84,0.9984,3.33,0.623,12.4,8
7.37,0.491,0.168,3.57,0.0663,70,161,0.99559,3.04,0.971,12.32,6
8.67,0.393,0.405,3.73,0.1321,8,32,0.99656,3.36,0.62,9.91,6
6.1,0.446,0.487,3.13,0.0939,41,87,0.99425,3.33,0.544,10.62,6
10.71,0.321,0.283,6.73,0.0453,20,90,0.999,3.2,0.628,8.84,7
7.92,0.696,0.456,3.08,0.0594,66,94,0.99751,3.59,0.568,11.2,3
10.74,0.27,0.283,1.34,0.1186,34,65,0.99441,3.43,0.601,9.27,6
10.15,0.926,0.122,7.77,0.0889,17,33,0.99256,2.85,0.752,10.33,3
7.98,0.491,0.212,3.7,0.03,14,20,0.99691,3.42,0.697,11.36,4
8.29,0.367,0.22,1.42,0.1435,25,113,0.99638,3.26,0.293,10.04,5
8.15,0.34,0.344,1.81,0.1274,15,42,0.9958,3.29,0.888,10.58,5
8.25,0.637,0.322,2.69,0.1154,9,35,0.99726,3.45,0.6,11.69,7
8.3,0.475,0.184,3.86,0.0773,52,134,0.99846,3.31,0.527,11.74,7
6.46,0.901,0.0,0.9,0.1227,43,98,0.99891,3.26,0.734,9.87,5
8.6,0.46,0.587,0.9,0.0302,59,107,0.999,3.14,0.914,9.22,8
8.91,0.715,0.414,3.16,0.0338,9,67,0.9968,3.32,0.798,10.16,4
5.7,0.485,0.307,6.37,0.0821,62,122,0.999,3.24,0.621,9.69,3
10.86,0.385,0.443,6.31,0.0831,37,46,0.99592,3.39,0.708,8.76,3
4.61,0.668,0.459,1.74,0.0904,12,107,0.99729,3.37,0.64,11.52,7
8.92,0.791,0.344,4.14,0.03,5,73,0.99758,3.65,0.414,8.89,5
7.22,0.328,0.108,4.11,0.0908,45,50,0.99809,3.19,0.519,10.51,3
6.52,0.263,0.167,3.41,0.03,35,67,0.99473,3.2,0.383,10.57,4
7.71,0.478,0.548,5.88,0.1042,51,140,0.9982,3.39,1.066,9.23,4
7.08,0.12,0.029,1.98,0.03,62,69,0.99783,3.19,0.516,10.36,5
10.1,0.549,0.206,3.71,0.1322,48,115,0.99418,3.17,0.696,11.34,5
4.83,0.33,0.468,8.78,0.1041,4,42,0.99699,3.13,0.785,10.64,4
6.58,0.437,0.123,2.51,0.1057,23,108,0.99635,3.55,0.654,9.55,4
8.36,0.527,0.267,2.32,0.0889,54,142,0.999,3.24,0.727,11.47,7
6.3,0.827,0.154,4.57,0.1185,67,158,0.99744,3.31,0.56,10.21,6
7.98,0.576,0.357,3.69,0.1311,11,21,0.99606,3.17,0.743,11.17,4
9.09,0.903,0.018,1.11,0.03,47,52,0.99581,3.41,0.489,10.83,5
6.33,0.712,0.439,5.36,0.03,13,96,0.99841,3.37,0.579,10.69,5
6.35,0.601,0.329,1.54,0.1239,4,22,0.99727,3.38,0.795,10.08,4
5.8,0.914,0.093,4.75,0.0635,10,66,0.99695,3.23,0.556,9.94,3
6.17,0.617,0.0,2.82,0.0768,19,38,0.99792,3.34,0.772,10.06,5
9.44,0.585,0.476,2.96,0.1092,69,160,0.9969,3.33,0.489,9.75,4
7.84,0.655,0.234,3.15,0.1417,43,116,0.999,3.32,0.944,12.65,5
6.79,0.978,0.0,1.87,0.1124,16,94,0.99629,3.45,0.913,10.54,5
5.64,0.596,0.159,5.89,0.1339,31,110,0.99494,3.28,0.632,9.65,5
7.11,0.525,0.655,3.21,0.1016,68,135,0.99613,3.4,0.848,10.98,8
7.38,0.209,0.001,2.52,0.0563,48,79,0.99666,3.2,0.686,11.9,6
4.86,0.6,0.278,7.55,0.1209,69,136,0.99711,3.39,0.467,9.66,4
8.62,0.352,0.435,2.88,0.03,21,81,0.99716,3.18,0.887,11.14,4
6.58,0.221,0.153,1.88,0.1373,30,50,0.9972,3.86,0.412,10.55,6
6.72,0.488,0.0,4.78,0.0678,37,108,0.99565,3.42,0.617,8.25,4
7.88,0.804,0.291,2.2,0.1197,10,37,0.99412,3.16,0.52,9.03,4
9.02,0.71,0.215,7.61,0.075,49,86,0.99327,3.31,0.867,9.69,4
5.24,0.667,0.143,2.53,0.03,28,78,0.99801,3.3,0.649,9.75,3
6.75,0.737,0.347,2.24,0.1061,53,72,0.99249,3.33,0.62,9.4,3
6.87,0.213,0.587,1.96,0.1058,25,60,0.99721,3.19,0.684,10.19,7
5.47,0.402,0.094,3.04,0.0565,11,104,0.99756,3.0,0.935,11.4,4
9.67,0.581,0.276,2.43,0.1184,1,20,0.99779,3.55,0.838,9.52,3
9.23,0.327,0.376,2.73,0.0978,36,83,0.99752,3.3,0.951,11.62,5
7.4,0.598,0.3,1.4,0.0685,26,53,0.99657,3.43,0.548,11.6,6
7.56,0.451,0.0,3.61,0.1048,71,80,0.99435,3.13,0.843,10.21,7
10.59,0.811,0.149,4.18,0.0893,29,68,0.99554,3.43,0.565,10.33,4
6.46,0.235,0.202,5.09,0.0709,19,40,0.999,3.31,0.341,11.35,5
6.25,0.191,0.215,2.18,0.0968,34,71,0.99758,3.3,0.543,9.45,6
9.04,0.718,0.59,3.68,0.0749,50,112,0.9947,3.12,0.59,8.73,3
6.38,0.561,0.0,5.16,0.0635,11,68,0.99502,3.31,0.406,8.46,5
8.39,0.744,0.593,3.71,0.0357,3,49,0.999,3.44,1.003,10.46,5
6.8,0.36,0.057,2.11,0.1006,26,67,0.99456,3.3,0.449,9.36,4
7.24,0.898,0.054,4.7,0.0618,45,124,0.99668,3.59,0.645,8.0,3
7.89,0.675,0.139,6.34,0.1055,35,66,0.99705,3.39,0.459,12.1,5
5.36,0.492,0.468,3.25,0.0893,17,69,0.99848,3.58,0.797,12.83,6
10.61,0.53,0.451,3.68,0.092,73,139,0.99843,3.2,0.637,9.83,5
8.69,0.474,0.207,1.68,0.1249,45,127,0.99778,3.14,0.676,13.32,7
7.18,0.382,0.195,2.32,0.0858,66,106,0.99689,3.23,0.763,10.51,6
6.15,0.478,0.233,5.08,0.0646,35,80,0.99766,3.2,0.51,11.46,4
4.78,0.568,0.253,3.04,0.0926,23,84,0.999,3.24,0.835,10.98,5
9.69,0.501,0.251,1.85,0.1092,49,126,0.999,3.35,0.634,10.31,4
8.13,0.232,0.492,6.49,0.1137,62,115,0.99782,3.36,0.25,9.3,6
4.27,0.695,0.33,5.36,0.0717,27,98,0.99599,3.22,0.493,10.56,5
8.9,0.12,0.434,2.57,0.1857,45,107,0.99675,3.34,1.018,8.77,4
8.53,0.194,0.103,12.49,0.0447,58,98,0.99826,3.15,0.78,8.39,4
11.34,0.619,0.0,2.3,0.0754,7,65,0.99498,3.28,0.552,9.28,3
12.44,0.48,0.25,1.25,0.0853,10,70,0.99799,3.23,0.682,10.91,6
8.8,0.664,0.458,2.77,0.1168,47,54,0.99704,3.2,0.761,10.35,4
10.99,0.491,0.303,1.29,0.1108,5,87,0.99393,3.43,0.751,9.39,7
9.14,0.794,0.296,3.98,0.1571,42,52,0.99741,3.25,1.012,11.03,4
8.49,0.36,0.276,6.56,0.1248,24,33,0.99577,3.36,0.73,11.11,5
6.67,0.615,0.164,1.95,0.0878,13,91,0.99865,3.2,0.847,9.24,4
9.45,0.784,0.505,2.39,0.1334,69,88,0.99638,3.32,0.794,9.69,5
8.47,0.606,0.37,2.27,0.0854,25,72,0.99407,3.38,0.536,10.47,7
8.07,0.695,0.172,2.47,0.0434,73,88,0.99586,3.47,0.799,10.28,6
9.23,0.593,0.49,2.8,0.1538,54,138,0.99703,3.24,0.633,9.08,4
7.72,0.678,0.138,2.08,0.0874,31,129,0.99305,3.14,0.567,10.66,6
5.79,0.325,0.235,4.24,0.0487,45,113,0.99785,3.3,0.76,10.21,5
6.56,0.581,0.0,1.67,0.1634,3,48,0.99527,3.08,0.862,10.4,4
7.79,0.489,0.377,3.48,0.1105,24,114,0.99808,3.41,0.744,8.39,4
8.0,0.473,0.258,4.75,0.1127,31,75,0.999,3.29,0.99,11.22,8
8.96,0.179,0.103,1.75,0.03,64,106,0.99882,3.11,0.794,10.62,6
7.9,0.672,0.81,1.25,0.1446,46,88,0.99645,3.23,0.937,11.6,5
9.35,0.67,0.39,1.51,0.0307,8,35,0.99849,3.44,0.614,11.11,4
9.16,0.729,0.619,2.4,0.1564,70,111,0.99769,3.15,0.327,11.68,5
9.76,0.45,0.377,1.51,0.0613,49,122,0.99682,3.4,0.468,10.36,4
4.47,0.349,0.245,6.88,0.0379,64,154,0.999,3.55,0.708,8.89,4
8.91,0.7,0.022,2.96,0.1481,20,65,0.99842,3.47,0.459,11.38,7
10.77,0.421,0.239,2.04,0.03,10,57,0.99575,3.37,0.674,10.06,4
8.82,0.439,0.659,1.96,0.1077,56,64,0.99716,3.3,0.72,10.91,5
7.37,0.583,0.252,4.74,0.0603,60,72,0.9977,3.19,0.501,9.52,5
9.72,0.354,0.267,5.47,0.1493,6,25,0.99754,3.45,0.758,10.83,5
10.8,0.406,0.302,2.35,0.0684,15,68,0.99675,3.41,0.732,8.89,5
9.66,0.513,0.716,3.38,0.0969,25,67,0.99736,3.56,0.444,11.51,5
4.43,0.756,0.062,3.96,0.03,67,150,0.99638,3.36,0.673,10.47,4
9.5,0.401,0.248,3.87,0.094,36,41,0.99727,3.33,1.004,11.14,5
8.76,0.472,0.37,4.35,0.1457,18,80,0.999,3.48,0.655,9.36,4
7.16,0.8,0.459,5.38,0.1694,29,114,0.99749,3.48,0.414,10.31,3
10.74,0.547,0.287,4.25,0.1466,46,85,0.99702,3.02,0.407,11.01,5
5.92,0.588,0.0,2.29,0.1597,53,145,0.999,3.5,0.831,10.93,6
9.27,0.644,0.479,2.53,0.0954,59,76,0.99841,3.43,0.574,10.71,5
9.28,0.426,0.312,1.32,0.0844,62,88,0.99628,3.25,0.767,9.68,6
7.76,0.779,0.423,3.34,0.0679,34,67,0.99464,3.34,0.551,10.32,6
8.96,0.627,0.168,3.21,0.0421,18,45,0.99402,3.46,0.575,10.06,5
11.59,0.531,0.566,2.31,0.1102,12,62,0.99816,3.5,0.758,8.72,4
8.26,0.476,0.297,3.54,0.1084,17,48,0.999,3.41,0.759,9.66,3
8.08,0.361,0.144,2.37,0.0984,23,118,0.99646,3.36,0.761,10.0,6
7.96,0.533,0.651,1.9,0.1203,53,146,0.99206,3.41,0.666,9.79,6
6.49,0.545,0.207,5.92,0.0419,25,43,0.999,3.41,0.92,10.33,7
8.46,0.461,0.33,2.23,0.0805,44,91,0.99734,3.67,0.756,10.75,4
6.29,0.711,0.368,2.86,0.1266,14,103,0.99639,3.52,0.506,10.37,6
7.82,0.543,0.412,4.34,0.0325,51,69,0.99449,3.41,0.608,9.94,6
9.27,0.64,0.021,1.72,0.0596,66,123,0.999,3.18,0.679,11.33,6
8.38,0.512,0.802,3.33,0.1223,30,74,0.99688,3.42,0.435,9.17,6
5.85,0.673,0.405,1.81,0.0511,30,75,0.9986,3.27,0.581,9.56,5
7.96,0.516,0.57,4.19,0.0846,48,78,0.99679,3.28,0.904,9.24,5
9.46,0.626,0.066,9.89,0.0315,44,108,0.999,3.18,0.476,10.94,3
7.12,0.231,0.25,5.16,0.0565,72,113,0.99713,3.33,0.579,10.92,5
9.22,0.458,0.285,6.0,0.1886,65,71,0.99549,3.34,0.59,10.84,5
7.09,0.511,0.319,4.06,0.0527,66,126,0.99774,3.54,0.709,12.3,6
10.67,0.66,0.654,7.82,0.107,74,117,0.99694,3.27,0.762,9.61,3
8.18,0.501,0.517,0.99,0.1028,46,76,0.99468,3.37,0.605,10.44,5
9.9,0.445,0.101,3.6,0.0637,31,104,0.99515,3.45,0.821,10.97,5
9.26,0.608,0.653,5.13,0.1072,9,95,0.99688,3.4,0.483,10.05,6
11.26,0.478,0.013,2.6,0.03,71,105,0.999,3.32,0.499,11.04,7
10.14,0.758,0.28,4.32,0.162,71,167,0.9958,3.53,0.999,11.35,5
8.8,0.607,0.052,2.22,0.0621,16,54,0.99865,2.88,0.713,11.2,5
7.94,0.537,0.5,6.58,0.0408,49,136,0.99643,3.56,0.728,12.15,6
6.44,0.393,0.177,3.02,0.0506,16,101,0.999,3.0,0.452,12.21,5
6.17,0.309,0.14,2.64,0.0311,43,70,0.999,3.49,0.741,10.97,6
6.94,0.457,0.437,2.08,0.0791,32,129,0.99715,3.43,0.433,9.65,6
5.97,0.631,0.376,3.17,0.1058,10,57,0.99567,3.35,0.614,13.98,8
7.24,0.627,0.184,6.97,0.0616,6,69,0.99564,3.52,0.496,9.16,3
7.11,0.612,0.335,5.74,0.0724,74,80,0.99868,3.32,0.604,10.29,5
9.59,0.493,0.268,1.92,0.1448,45,130,0.99511,3.37,0.579,11.35,6
9.72,0.697,0.397,3.23,0.071,48,82,0.99369,3.2,0.785,10.72,3
6.17,0.454,0.181,3.96,0.1117,45,103,0.999,3.32,0.596,10.66,6
5.34,0.339,0.402,2.72,0.03,40,106,0.99522,3.52,0.606,10.87,5
7.23,0.4,0.217,3.4,0.1061,3,76,0.99435,3.41,0.654,11.27,5
8.8,0.562,0.395,5.89,0.0833,45,85,0.99535,3.44,0.921,9.19,4
4.87,0.538,0.0,2.87,0.0855,5,61,0.99639,3.32,0.987,11.3,5
11.92,0.781,0.175,3.93,0.03,39,125,0.99454,3.31,0.506,10.59,4
8.92,0.714,0.036,5.53,0.0989,22,82,0.99472,3.2,0.541,11.25,6
7.89,0.333,0.005,4.6,0.095,51,91,0.99721,3.34,0.688,10.45,5
6.24,0.426,0.299,3.34,0.1109,9,81,0.99582,3.12,0.744,9.24,6
9.68,0.528,0.366,6.73,0.1418,28,52,0.99759,3.22,0.976,11.08,5
7.34,0.304,0.487,2.05,0.03,11,37,0.99787,3.18,0.588,8.93,6
5.56,0.444,0.423,1.24,0.0918,53,85,0.99569,3.48,0.744,10.97,4
7.47,0.616,0.071,3.69,0.0591,71,165,0.99648,3.45,0.697,13.17,6
9.04,0.609,0.311,8.73,0.1597,69,144,0.99825,3.47,0.587,9.74,5
8.79,0.606,0.27,10.15,0.0791,53,142,0.99893,3.34,0.635,9.39,5
10.34,0.535,0.093,1.89,0.1354,32,117,0.9924,3.47,0.602,10.59,5
7.36,0.779,0.19,2.26,0.0567,65,149,0.9941,3.42,0.425,10.03,4
7.26,0.29,0.442,1.2,0.0762,11,107,0.99712,3.17,1.09,10.72,7
7.95,0.701,0.35,3.29,0.03,66,106,0.99681,3.0,0.914,9.69,4
7.23,0.612,0.061,4.52,0.1188,60,85,0.99625,3.23,0.948,9.18,3
8.9,0.566,0.138,1.81,0.03,17,116,0.99607,3.39,0.565,8.0,4
6.94,0.533,0.301,2.42,0.087,43,52,0.99531,3.58,0.509,9.13,4
6.8,0.545,0.0,6.44,0.1203,27,99,0.999,3.43,0.895,10.57,6
8.36,0.178,0.138,8.97,0.0963,43,114,0.99489,3.17,0.508,11.42,6
8.83,0.473,0.344,4.88,0.03,34,48,0.99658,3.35,1.028,11.02,5
6.51,0.661,0.122,2.28,0.0735,29,77,0.99659,3.42,0.683,11.12,4
8.05,0.272,0.338,8.07,0.1365,19,52,0.99834,3.44,1.0,11.17,4
10.2,0.726,0.0,4.1,0.1091,17,71,0.99811,3.3,0.325,9.67,4
12.3,0.613,0.397,2.49,0.0771,31,72,0.99675,3.17,0.583,8.24,5
10.08,0.834,0.094,2.19,0.0457,67,116,0.99632,3.47,0.916,10.2,4
7.91,0.483,0.384,0.9,0.1043,15,92,0.99503,3.12,0.61,8.62,5
7.8,0.533,0.517,7.89,0.0695,1,43,0.99897,3.4,0.681,10.6,4
9.57,0.481,0.343,12.67,0.0499,38,112,0.99357,3.19,0.653,10.25,5
8.96,0.296,0.164,3.0,0.0774,4,87,0.99494,2.93,0.438,12.59,7
8.24,0.567,0.534,4.32,0.1142,73,169,0.99836,3.3,0.56,11.74,4
5.51,0.642,0.193,2.94,0.0608,64,143,0.99495,3.29,0.905,10.93,5
8.87,0.897,0.183,3.41,0.0859,61,114,0.99791,3.2,0.367,9.75,4
8.63,0.51,0.168,1.68,0.0753,30,62,0.999,3.49,0.599,8.78,4
7.55,0.363,0.19,3.9,0.0389,62,158,0.99889,3.06,0.698,12.64,5
9.49,0.485,0.036,8.65,0.0746,27,116,0.99555,3.39,0.522,10.25,4
9.63,0.458,0.081,2.98,0.0897,61,78,0.99605,3.41,0.744,10.8,5
6.33,0.844,0.528,2.53,0.0922,73,124,0.99486,3.35,0.878,9.53,5
9.18,0.41,0.599,5.57,0.1307,67,160,0.99702,3.28,0.768,12.24,5
10.43,0.704,0.158,2.1,0.0958,13,29,0.999,3.16,0.792,9.38,5
9.1,0.586,0.416,2.59,0.0458,62,73,0.9968,3.29,0.549,9.95,5
9.5,0.74,0.279,2.51,0.1118,56,143,0.99675,3.42,0.63,10.81,4
7.15,0.465,0.137,2.31,0.0627,72,98,0.997,3.14,0.585,11.49,3
7.66,0.319,0.438,1.88,0.0504,52,151,0.99655,2.98,0.786,10.01,5
8.8,0.884,0.198,4.74,0.1536,17,100,0.99786,3.23,0.921,10.47,4
8.74,0.618,0.486,6.95,0.0999,72,88,0.99402,3.23,0.735,9.67,3
6.41,0.827,0.214,4.83,0.0789,49,60,0.99699,3.02,0.508,10.3,4
8.77,0.84,0.394,9.46,0.0657,25,109,0.99798,3.21,0.268,10.96,3
8.65,0.433,0.22,4.85,0.1229,67,102,0.99859,3.57,0.694,12.04,7
6.54,0.638,0.398,3.19,0.1455,18,45,0.999,3.47,0.797,10.53,4
9.25,0.665,0.03,2.71,0.1288,66,78,0.99539,3.4,0.509,9.09,6
7.0,0.537,0.025,3.26,0.1237,9,44,0.99511,3.35,0.664,12.25,6
8.63,0.688,0.431,5.2,0.1041,24,123,0.99603,2.96,0.44,11.18,5
6.98,0.753,0.301,3.59,0.03,64,89,0.99816,3.49,0.709,10.87,6
7.75,0.404,0.192,5.96,0.0701,3,62,0.99422,3.1,0.373,12.41,6
7.84,0.845,0.331,2.0,0.11,57,82,0.99714,3.2,0.771,12.13,6
8.36,0.569,0.021,2.67,0.0686,67,149,0.9972,3.25,0.552,9.26,3
5.25,0.515,0.484,3.91,0.0564,14,100,0.99572,3.33,0.715,10.21,8
9.15,0.477,0.105,1.85,0.0777,51,140,0.99809,3.15,0.639,8.86,3
9.94,0.312,0.253,3.92,0.0396,58,130,0.99434,3.16,0.814,10.34,4
5.75,0.809,0.227,0.92,0.03,53,134,0.999,3.45,0.823,10.7,6
10.54,0.513,0.562,4.5,0.08,20,90,0.99784,3.6,0.62,8.47,5
11.09,0.329,0.0,2.3,0.1071,25,93,0.99632,3.27,0.99,10.27,4
4.0,0.695,0.0,2.66,0.0917,67,160,0.99441,3.42,0.716,9.88,6
5.69,0.338,0.0,2.1,0.1642,5,61,0.99669,3.28,0.32,11.61,5
11.06,0.455,0.314,3.03,0.1224,29,102,0.9978,3.45,0.539,12.24,7
7.29,0.549,0.2,1.88,0.1047,44,89,0.99576,3.39,0.431,11.66,6
6.4,0.143,0.601,1.86,0.124,15,55,0.99327,3.39,0.461,10.14,8
9.25,0.659,0.367,3.68,0.03,44,138,0.99523,3.17,0.603,11.31,6
6.58,0.584,0.0,0.9,0.03,47,116,0.999,3.24,0.52,9.96,6
8.64,0.332,0.222,2.39,0.1024,6,96,0.99748,3.31,0.681,9.46,5
11.03,0.942,0.407,4.42,0.1417,42,53,0.99621,3.26,0.546,9.51,5
5.44,0.408,0.257,2.07,0.03,65,99,0.999,3.4,0.988,11.61,5
8.55,0.154,0.205,5.18,0.03,66,165,0.99842,3.05,0.734,12.33,6
6.3,0.474,0.164,1.43,0.1164,17,67,0.999,3.55,0.324,10.28,6
10.17,0.419,0.26,1.59,0.0874,11,34,0.99741,3.54,0.751,11.15,7
8.42,0.587,0.057,1.14,0.094,36,79,0.99841,3.39,0.662,9.73,5
9.19,0.409,0.277,1.23,0.0671,21,83,0.99714,3.27,0.369,11.36,5
7.72,0.52,0.348,1.72,0.0509,60,106,0.99532,3.26,0.557,8.64,5
10.44,0.663,0.206,4.15,0.0668,71,142,0.99649,3.24,0.631,11.69,6
6.14,0.505,0.289,1.55,0.0806,60,156,0.99694,3.37,0.637,11.76,6
9.8,0.379,0.278,2.46,0.03,14,95,0.99658,3.23,0.414,9.71,5
11.03,0.561,0.198,1.36,0.03,67,157,0.99551,3.24,0.845,11.93,6
10.51,0.453,0.481,3.43,0.07,37,122,0.99625,3.06,0.725,8.0,5
10.65,0.637,0.0,1.82,0.1564,56,114,0.996,3.32,0.801,10.05,4
7.35,0.348,0.0,5.64,0.0418,56,147,0.99586,3.26,0.661,11.42,6
8.94,0.465,0.374,3.43,0.0936,51,98,0.999,3.57,0.607,10.28,7
11.82,0.597,0.437,1.21,0.0777,2,17,0.99724,3.32,0.807,8.51,6
10.51,0.602,0.191,0.92,0.0433,20,33,0.99435,2.95,0.668,10.6,5
10.04,0.7,0.447,2.81,0.0726,24,93,0.99421,3.37,0.787,9.51,5
9.06,0.41,0.14,1.66,0.087,25,61,0.99603,3.35,0.741,11.87,7
5.79,0.297,0.133,3.34,0.098,45,131,0.99506,3.21,0.657,8.48,5
4.73,0.837,0.342,3.42,0.0686,56,152,0.99628,3.61,0.927,10.38,4
9.96,0.359,0.395,3.95,0.1234,61,102,0.999,3.35,0.863,8.73,4
7.58,0.433,0.269,4.8,0.0657,57,97,0.99542,3.19,0.85,10.5,4
9.82,0.617,0.596,2.33,0.0431,46,114,0.99492,3.52,0.557,9.18,4
7.84,0.559,0.4,5.3,0.164,30,59,0.99738,3.34,0.385,10.23,7
7.84,0.569,0.0,1.38,0.0889,67,108,0.99533,3.29,0.595,9.78,5
6.53,0.363,0.283,4.47,0.0498,58,151,0.99334,3.22,0.578,9.79,4
5.87,0.407,0.385,2.52,0.1412,65,121,0.99619,3.27,0.963,10.54,6
12.46,0.569,0.483,6.07,0.03,71,107,0.99384,3.09,0.25,11.21,7
7.87,0.664,0.535,7.53,0.0984,18,114,0.9951,3.26,1.016,10.54,5
8.64,0.382,0.372,5.69,0.03,52,138,0.99739,3.16,0.756,10.25,5
10.82,0.489,0.298,5.69,0.03,74,116,0.9942,3.48,0.774,11.72,3
10.66,0.502,0.345,3.01,0.0618,55,98,0.99848,3.32,0.986,9.48,4
7.55,0.462,0.32,0.9,0.03,60,96,0.99639,3.54,0.978,11.02,6
8.01,0.319,0.0,5.94,0.1637,70,121,0.999,3.52,0.757,10.05,6
7.57,0.605,0.383,3.21,0.0636,27,53,0.99686,3.17,0.713,12.83,6
7.93,0.355,0.0,4.93,0.0697,65,132,0.99652,3.33,0.75,9.51,5
8.68,0.688,0.694,2.6,0.0834,57,101,0.99691,3.31,0.74,9.27,5
8.74,0.39,0.214,4.2,0.0881,11,60,0.99778,3.33,0.709,10.27,5
9.99,0.856,0.37,5.94,0.0898,73,125,0.999,3.48,0.784,10.15,4
7.23,0.612,0.417,2.05,0.1196,44,84,0.99496,3.3,0.55,10.59,5
7.11,0.278,0.446,4.13,0.1258,71,133,0.99683,3.33,0.79,10.41,7
7.15,0.518,0.373,3.01,0.0807,51,112,0.99665,3.32,0.464,10.3,3
10.15,0.505,0.306,3.71,0.0976,6,74,0.99891,3.31,0.661,11.88,5
8.43,0.495,0.765,3.53,0.1345,58,106,0.99721,3.17,0.765,11.88,5
11.08,0.818,0.523,5.95,0.0784,39,108,0.99522,3.23,0.302,10.44,4
8.72,0.838,0.079,2.11,0.0705,8,29,0.99691,2.97,0.297,10.29,6
10.07,0.468,0.218,3.25,0.0647,46,90,0.99406,3.37,0.709,10.54,6
10.19,0.804,0.799,3.19,0.0526,44,138,0.999,3.33,0.349,10.9,5
8.08,0.429,0.0,3.51,0.1008,40,134,0.99565,3.35,0.675,8.57,4
8.59,0.331,0.2,1.51,0.1423,53,73,0.99462,3.53,0.571,11.91,7
7.21,0.704,0.052,3.75,0.0712,62,83,0.99824,3.41,0.738,11.4,6
7.21,0.438,0.099,5.89,0.1122,16,57,0.99779,3.49,0.838,10.05,6
8.07,0.641,0.0,2.41,0.1285,70,114,0.999,3.47,0.415,9.6,5
9.11,0.603,0.394,1.41,0.1434,44,71,0.99715,3.57,0.9,9.03,3
7.67,0.429,0.464,4.41,0.1196,30,116,0.99778,3.5,0.651,11.0,6
8.22,0.622,0.305,2.05,0.1008,16,79,0.99767,3.18,0.785,12.45,6
6.78,0.807,0.266,1.37,0.0683,1,7,0.996,3.41,0.943,8.0,5
9.71,0.495,0.152,3.03,0.0579,21,112,0.99644,3.42,0.737,10.33,8
6.75,0.598,0.484,1.47,0.0947,68,75,0.99883,3.38,0.621,8.49,4
10.46,0.418,0.491,1.4,0.1059,20,41,0.99536,3.61,0.642,9.88,5
7.18,0.661,0.588,4.74,0.03,27,105,0.9969,3.35,0.702,9.91,4
9.24,0.33,0.018,3.03,0.1161,29,37,0.99281,3.4,0.794,11.92,8
8.06,0.586,0.157,1.47,0.0419,38,108,0.99794,3.3,0.928,10.59,3
7.66,0.395,0.255,2.24,0.1208,40,51,0.998,3.29,0.773,11.25,6
7.93,0.465,0.428,11.83,0.0798,61,91,0.999,3.26,0.27,9.81,4
9.34,0.198,0.211,2.8,0.1047,10,63,0.99731,3.18,0.929,10.68,5
6.71,0.345,0.409,2.73,0.1217,13,39,0.995,3.38,0.702,10.6,4
7.56,0.259,0.0,1.59,0.1063,21,57,0.99708,3.57,0.836,12.57,5
12.07,0.432,0.401,3.03,0.0647,19,95,0.999,3.29,0.73,10.25,5
11.77,0.586,0.138,1.51,0.1464,9,99,0.99429,3.36,0.359,10.65,6
9.25,0.368,0.033,1.27,0.0787,63,79,0.99698,3.19,0.301,11.66,6
8.09,0.319,0.263,3.38,0.0566,50,123,0.99373,3.05,0.51,9.63,4
9.91,0.41,0.39,1.4,0.1056,65,151,0.999,3.31,0.688,8.71,6
7.19,0.577,0.026,3.4,0.0557,35,98,0.99625,3.21,0.452,9.95,6
11.16,0.285,0.566,8.01,0.0354,7,63,0.9982,3.16,0.859,11.1,4
11.6,0.464,0.127,4.16,0.0608,66,150,0.99404,3.06,0.551,10.03,4
10.04,0.78,0.756,1.28,0.0872,14,95,0.99632,3.08,0.731,10.56,6
8.29,0.464,0.053,1.91,0.0592,14,66,0.99291,3.33,0.765,9.8,5
6.74,0.674,0.091,1.59,0.0744,21,95,0.99544,3.59,0.649,10.23,5
6.33,0.329,0.075,2.86,0.03,51,70,0.9978,3.23,0.515,9.04,6
9.69,0.801,0.26,3.8,0.1377,38,132,0.99467,3.39,0.606,11.17,3
8.92,0.126,0.508,1.34,0.0902,5,40,0.999,3.17,0.558,11.14,6
10.03,0.12,0.149,3.07,0.0557,49,71,0.99531,3.2,0.523,12.13,6
9.21,0.604,0.241,5.65,0.1397,73,99,0.99592,3.09,0.473,9.22,3
11.77,0.482,0.161,3.11,0.03,29,65,0.99483,3.26,0.795,12.59,5
9.46,0.537,0.385,2.19,0.0479,6,49,0.999,2.97,0.977,9.93,4
6.86,0.402,0.319,5.4,0.0664,45,106,0.99301,3.16,0.682,8.16,3
7.41,0.643,0.836,6.02,0.0586,39,111,0.99724,3.25,0.72,11.64,4
10.95,0.264,0.336,3.12,0.068,6,37,0.99638,3.23,0.625,11.65,7
8.74,0.719,0.37,2.56,0.1112,13,64,0.999,3.37,0.608,9.88,4
8.85,0.898,0.429,3.43,0.124,35,114,0.9959,3.41,0.483,9.22,3
6.12,0.178,0.0,6.87,0.1275,43,132,0.99631,3.29,0.836,8.0,3
7.3,0.645,0.089,1.84,0.1425,50,73,0.99575,3.47,0.694,8.86,4
11.79,0.865,0.352,3.74,0.0581,26,74,0.99679,3.04,0.742,9.43,4
9.6,0.593,0.567,6.69,0.104,16,96,0.99795,3.42,0.623,11.2,6
9.74,0.444,0.199,5.43,0.0578,30,85,0.99656,3.29,0.349,10.71,7
7.15,0.366,0.231,0.92,0.0569,67,76,0.99494,3.07,0.514,10.56,6
6.75,0.591,0.178,3.16,0.03,18,100,0.99596,3.43,0.735,9.88,3
7.96,0.638,0.328,4.53,0.1487,37,92,0.99766,3.35,0.709,10.35,4
8.98,0.343,0.596,4.65,0.1378,19,72,0.99793,3.23,0.669,11.16,6
7.14,0.682,0.185,6.82,0.1788,70,112,0.999,3.47,0.773,11.01,4
8.06,0.564,0.539,1.58,0.1198,1,71,0.99594,3.32,0.456,10.71,5
8.66,0.12,0.0,2.43,0.1052,28,33,0.99675,3.44,0.823,11.5,6
5.39,0.621,0.464,3.87,0.0687,18,24,0.99734,3.36,0.987,9.04,6
9.42,0.171,0.324,3.54,0.1333,25,106,0.998,3.14,0.855,9.18,3
6.52,0.438,0.232,8.59,0.1046,70,137,0.99788,3.06,0.607,11.29,5
10.11,0.748,0.444,1.61,0.0365,11,48,0.99428,3.15,0.896,9.82,3
7.24,0.581,0.268,5.48,0.092,37,96,0.99371,3.35,0.735,10.06,6
5.97,0.392,0.0,3.82,0.0335,64,135,0.99738,3.23,0.641,9.55,5
5.97,0.65,0.235,2.53,0.1018,38,60,0.99504,3.36,0.769,9.75,4
5.69,0.443,0.269,3.48,0.1248,50,77,0.99512,3.22,0.904,9.65,5
6.25,0.714,0.217,3.69,0.0744,18,107,0.99611,3.05,0.25,12.11,5
7.38,0.401,0.195,1.07,0.0573,22,37,0.99343,3.37,0.301,10.49,4
9.9,0.443,0.185,3.12,0.1655,5,15,0.9962,3.45,0.389,10.76,7
4.0,0.586,0.2,4.12,0.0988,67,117,0.99603,3.28,0.583,8.72,4
6.57,0.779,0.125,5.26,0.111,10,97,0.99588,3.27,0.745,9.48,4
11.95,0.548,0.209,3.32,0.1016,1,29,0.99448,3.45,0.921,9.49,6
7.47,0.607,0.369,4.0,0.1274,42,112,0.999,3.4,0.442,10.84,7
9.2,0.525,0.0,3.84,0.1169,31,73,0.99898,3.5,0.917,9.53,4
9.17,0.774,0.21,3.57,0.0791,4,40,0.999,3.45,0.58,10.91,7
7.1,0.216,0.259,3.17,0.03,74,107,0.9947,3.21,0.791,8.53,5
7.48,0.257,0.276,3.46,0.0651,24,33,0.99749,3.25,0.616,9.23,6
10.07,0.359,0.039,4.73,0.0915,26,123,0.999,3.31,0.419,8.68,3
10.86,0.694,0.335,1.97,0.1311,62,150,0.99705,3.28,0.863,10.32,4
5.61,0.609,0.264,2.17,0.1499,46,73,0.99723,3.24,0.501,9.18,5
10.27,0.726,0.152,2.6,0.078,12,53,0.99646,3.38,0.401,10.13,4
5.15,0.596,0.11,2.53,0.1649,40,56,0.99663,3.34,0.867,8.74,6
9.95,0.72,0.339,1.95,0.1091,46,59,0.999,3.23,0.765,8.61,4
10.18,0.616,0.0,3.21,0.0978,71,147,0.9939,3.15,0.901,9.55,4
8.84,0.641,0.332,3.46,0.0995,5,45,0.99629,3.34,0.938,12.08,4
8.11,0.223,0.334,6.67,0.1196,57,131,0.99823,3.22,0.762,8.72,3
10.89,0.774,0.0,1.99,0.0916,68,129,0.99557,3.23,0.443,10.08,3
7.51,0.551,0.279,2.61,0.091,66,99,0.99786,3.19,0.399,10.81,5
8.82,0.763,0.046,9.57,0.1266,34,79,0.99719,3.25,0.494,10.52,3
7.18,0.756,0.621,1.85,0.1352,27,90,0.99867,3.22,0.961,9.44,4
10.72,0.566,0.022,4.06,0.0901,31,56,0.99607,3.47,0.728,9.21,3
8.32,0.421,0.566,1.54,0.0862,66,111,0.99598,3.27,0.602,10.37,5
9.45,0.728,0.217,3.46,0.0562,23,55,0.99702,3.09,0.815,11.55,6
4.44,0.366,0.329,2.83,0.0746,6,91,0.9966,3.32,0.781,9.89,5
7.51,0.589,0.331,4.23,0.1352,40,127,0.99706,3.49,0.67,10.71,5
6.87,0.161,0.0,2.72,0.0913,72,129,0.99782,3.3,0.801,10.31,6
6.76,0.593,0.158,4.36,0.1256,29,55,0.99709,3.28,0.45,12.07,6
9.6,0.685,0.185,3.88,0.0614,29,37,0.99616,3.06,1.106,9.16,4
6.57,0.653,0.0,9.1,0.1004,31,48,0.99484,3.28,0.25,11.53,6
8.31,0.46,0.223,1.91,0.1117,30,47,0.99724,3.21,0.49,9.17,5
11.96,0.411,0.276,1.6,0.1555,8,87,0.99452,3.04,0.53,10.0,4
8.13,0.66,0.012,2.84,0.03,57,75,0.99768,3.15,0.575,11.54,6
5.91,0.754,0.542,4.14,0.1284,18,38,0.99625,3.49,0.614,11.33,6
10.21,0.181,0.095,4.64,0.0932,27,104,0.99609,3.45,0.848,8.95,4
7.5,0.487,0.0,2.22,0.0912,58,155,0.99573,3.5,0.728,10.39,6
8.0,0.537,0.475,8.07,0.03,6,51,0.997,3.32,0.596,11.56,5
5.94,0.386,0.046,2.92,0.03,35,120,0.99635,3.0,0.855,10.99,5
10.71,0.732,0.117,1.29,0.1091,20,32,0.99607,3.35,0.567,9.08,3
10.33,0.579,0.45,3.34,0.1477,57,65,0.9975,3.66,0.648,10.08,3
9.64,0.538,0.125,2.96,0.0974,3,22,0.99611,3.13,0.52,10.88,7
10.78,0.461,0.48,2.64,0.1489,71,155,0.99738,3.06,0.374,10.1,5
9.14,0.591,0.267,3.39,0.03,47,145,0.99863,3.15,0.607,9.08,5
6.68,0.468,0.139,3.51,0.03,14,53,0.99673,3.4,0.702,10.51,4
6.58,0.372,0.345,1.91,0.03,47,91,0.99675,2.99,1.002,12.54,7
8.26,0.433,0.132,1.77,0.1306,69,157,0.99303,3.39,0.593,10.45,5
8.44,0.381,0.497,1.79,0.1097,45,56,0.99773,3.24,0.634,8.49,4
8.17,0.513,0.262,9.4,0.0881,47,117,0.99352,3.3,0.531,8.97,3
4.83,0.686,0.401,2.66,0.1264,19,50,0.99734,3.38,0.347,11.43,4
8.82,0.259,0.0,5.69,0.0774,51,130,0.99599,3.25,0.515,10.88,6
5.89,0.556,0.111,5.77,0.1397,4,74,0.99626,3.29,0.538,10.79,6
9.77,0.938,0.0,2.45,0.1526,68,122,0.99476,3.32,0.835,10.94,5
6.14,0.614,0.547,3.99,0.03,44,56,0.99527,3.46,0.611,12.2,6
9.99,0.567,0.197,4.27,0.1171,12,97,0.99267,3.29,0.625,11.07,4
8.64,0.82,0.066,1.9,0.1159,32,51,0.99867,3.07,0.864,10.08,4
6.79,0.139,0.155,1.97,0.0425,37,63,0.99645,3.35,0.791,10.16,5
9.1,0.828,0.109,4.29,0.03,9,63,0.99587,3.4,0.773,10.84,3
10.68,0.382,0.615,2.99,0.0834,3,87,0.99271,3.67,0.874,8.13,4
8.84,0.591,0.362,0.9,0.0998,33,51,0.99591,3.33,0.439,12.65,6
6.5,0.29,0.014,2.13,0.1146,49,54,0.9945,3.44,0.282,10.06,5
7.53,0.266,0.165,1.91,0.1423,22,93,0.9927,3.32,0.672,9.22,6
7.64,0.475,0.298,2.44,0.0909,33,73,0.99746,3.34,0.565,10.35,5
6.98,0.549,0.34,1.33,0.0961,16,72,0.99568,3.5,0.865,9.74,4
5.35,0.571,0.266,3.16,0.185,37,116,0.999,3.61,0.634,12.58,6
11.52,0.767,0.055,3.48,0.1008,61,98,0.9964,3.39,1.039,10.44,4
7.04,0.171,0.381,2.79,0.0652,48,141,0.99596,3.5,0.904,10.73,5
5.37,0.482,0.267,2.38,0.1162,69,79,0.999,2.92,0.8,11.2,6
6.1,0.234,0.356,2.06,0.0691,52,63,0.99602,3.14,0.873,9.75,6
6.9,0.531,0.0,3.57,0.0695,69,86,0.99677,3.22,0.48,10.3,5
4.0,0.923,0.308,1.33,0.046,17,56,0.999,3.37,0.507,10.7,3
9.6,0.768,0.509,8.31,0.1002,54,111,0.99696,3.15,0.449,11.0,4
9.26,0.333,0.252,5.61,0.1446,41,76,0.99606,3.24,0.601,9.13,3
8.64,0.554,0.215,0.9,0.107,26,45,0.999,3.33,0.363,9.56,4
6.16,0.426,0.096,6.96,0.1166,63,106,0.99839,3.46,0.434,8.0,3
9.65,0.823,0.0,3.59,0.1181,72,146,0.999,3.33,0.556,9.72,4
7.76,0.65,0.254,3.5,0.1475,63,100,0.9986,3.41,0.285,10.6,5
10.61,0.308,0.147,2.44,0.0586,66,119,0.99687,3.28,0.618,11.51,6
4.64,0.587,0.514,4.35,0.0643,35,115,0.99688,3.22,0.366,11.12,5
6.71,0.572,0.018,2.35,0.1031,19,70,0.99667,3.53,0.56,9.51,3
6.44,0.585,0.274,1.99,0.089,26,93,0.99509,3.34,0.315,9.94,4
6.14,0.555,0.335,2.34,0.0574,45,120,0.99717,3.13,0.87,11.34,7
9.17,0.724,0.326,2.3,0.0972,10,48,0.99897,3.28,0.86,10.0,5
10.32,0.658,0.089,2.93,0.03,14,37,0.99863,3.46,0.476,10.13,6
9.58,0.567,0.183,3.44,0.1286,71,87,0.9954,3.11,0.64,11.83,6
8.31,0.462,0.332,0.9,0.056,55,134,0.99557,3.17,0.937,11.26,5
8.74,0.52,0.216,3.93,0.03,33,73,0.99845,3.15,0.944,9.32,3
9.23,0.454,0.321,2.76,0.1291,13,91,0.99542,3.36,0.589,9.76,6
6.76,0.385,0.0,4.41,0.0926,57,93,0.99526,3.23,0.49,12.27,6
8.63,0.317,0.198,3.32,0.1088,63,83,0.99525,3.11,1.015,10.79,5
8.05,0.604,0.39,0.99,0.1619,5,53,0.99635,3.12,0.444,11.78,4
5.34,0.772,0.222,3.35,0.1278,32,55,0.99891,3.47,0.796,9.14,5
12.04,0.604,0.0,2.3,0.1399,5,28,0.99672,3.31,0.593,10.93,6
8.93,0.347,0.291,1.07,0.1036,21,51,0.99598,3.36,0.587,11.11,5
6.56,0.363,0.219,2.11,0.176,34,122,0.99899,3.28,0.533,11.75,6
7.51,0.665,0.088,1.58,0.1077,34,61,0.99561,3.1,0.723,11.8,5
9.17,0.415,0.45,4.2,0.0334,62,74,0.99506,3.42,0.66,9.95,5
8.74,0.512,0.428,6.35,0.03,59,72,0.99625,3.22,0.407,10.75,3
8.01,0.472,0.149,3.56,0.1229,38,107,0.99622,3.38,0.652,10.15,5
10.83,0.277,0.307,4.34,0.0528,62,98,0.99725,3.24,0.528,11.12,5
7.75,0.622,0.255,1.74,0.0957,38,69,0.999,3.19,0.636,8.77,4
9.63,0.435,0.119,4.26,0.1134,3,55,0.99473,3.37,0.749,8.26,3
10.06,0.261,0.507,2.28,0.0746,31,38,0.99618,3.24,0.569,10.71,5
9.85,0.551,0.151,1.14,0.0434,42,130,0.99801,3.59,0.605,10.39,6
7.75,0.532,0.227,2.75,0.0436,9,108,0.99824,3.48,0.532,10.7,6
6.08,0.827,0.19,3.49,0.0756,15,113,0.999,3.11,0.733,10.05,4
4.52,0.518,0.316,5.57,0.1076,22,99,0.99854,3.32,0.642,11.59,5
8.33,0.15,0.588,2.46,0.0386,16,51,0.99612,3.27,0.732,10.96,6
8.7,0.771,0.472,1.65,0.1716,51,84,0.99642,3.2,0.675,9.88,6
7.02,0.637,0.663,3.65,0.1101,15,38,0.99523,3.17,0.993,10.24,5
8.48,0.398,0.436,2.85,0.1042,32,88,0.99656,3.24,0.733,8.39,4
9.96,0.955,0.374,2.15,0.0858,15,84,0.99788,3.53,0.676,12.91,8
6.49,0.452,0.0,3.36,0.0925,21,72,0.99669,3.38,0.691,10.11,5
7.03,0.793,0.349,5.34,0.1038,31,77,0.99648,3.32,0.967,11.07,4
5.51,0.564,0.162,2.77,0.0941,34,56,0.99793,3.11,0.894,10.7,6
7.47,0.799,0.062,14.23,0.1435,27,50,0.99837,2.77,0.908,10.37,3
9.32,0.402,0.176,1.55,0.1405,59,76,0.99812,3.15,0.658,10.62,5
7.51,0.492,0.191,3.24,0.0977,60,158,0.99867,3.52,0.794,8.0,4
8.07,0.462,0.027,3.97,0.0604,21,75,0.99717,3.24,0.642,11.13,3
6.24,0.309,0.197,1.19,0.053,26,51,0.99492,3.22,0.782,9.84,6
10.61,0.342,0.702,3.14,0.0891,30,59,0.99588,3.42,0.652,11.19,6
9.76,0.199,0.0,1.36,0.0798,8,99,0.99612,3.31,0.638,11.08,4
6.53,0.672,0.334,2.05,0.1133,18,44,0.99701,3.2,0.596,10.3,5
8.52,0.695,0.336,1.95,0.1579,26,33,0.9986,3.38,0.704,11.72,8
9.11,0.731,0.346,1.93,0.1022,35,51,0.99718,3.39,0.828,12.48,6
11.67,0.427,0.271,13.25,0.0618,42,80,0.99491,3.65,0.833,9.49,5
9.75,0.269,0.365,2.61,0.0387,74,111,0.99805,3.51,0.553,9.81,5
10.26,0.333,0.0,4.26,0.0836,37,55,0.9974,3.26,0.651,8.39,5
8.16,0.601,0.172,1.73,0.0995,30,85,0.99752,3.31,0.471,10.31,5
8.34,0.44,0.226,3.62,0.05,4,65,0.999,3.11,0.586,10.74,5
8.8,0.306,0.664,1.41,0.0887,18,25,0.999,3.28,0.544,9.45,4
7.6,0.805,0.187,9.82,0.1392,16,99,0.99775,3.38,0.43,10.15,5
10.15,0.388,0.077,4.22,0.0711,56,134,0.99642,3.3,0.61,12.64,6
7.81,0.794,0.423,3.82,0.0821,19,110,0.99816,3.13,0.971,10.76,5
