survived,pclass,sex,age,sibsp,parch,fare,embarked,class,who,adult_male,deck,embark_town,alive,alone
1,3,female,30.6,0,1,26.73,Q,Third,woman,False,,Queenstown,yes,False
0,2,male,23.6,2,1,48.55,S,Second,man,True,A,Southampton,no,False
1,1,female,49.7,0,0,54.58,C,First,woman,False,D,Cherbourg,yes,True
1,3,female,36.1,1,0,45.3,C,Third,woman,False,,Cherbourg,yes,False
0,3,male,10.6,3,2,20.17,S,Third,child,False,,Southampton,no,False
0,2,female,38.4,1,1,42.01,S,Second,woman,False,D,Southampton,no,False
1,1,female,18.2,0,0,51.87,Q,First,woman,False,,Queenstown,yes,True
1,1,female,20.9,1,0,60.02,S,First,woman,False,B,Southampton,yes,False
0,3,male,33.4,0,1,24.12,S,Third,man,True,,Southampton,no,False
0,3,male,22.1,0,0,25.61,S,Third,man,True,C,Southampton,no,True
0,2,male,41.5,1,1,47.43,S,Second,man,True,,Southampton,no,False
0,1,female,18.2,1,0,72.98,C,First,woman,False,,Cherbourg,no,False
0,3,male,20.3,0,1,39.14,S,Third,man,True,C,Southampton,no,False
0,3,female,19.8,0,0,23.18,S,Third,woman,False,,Southampton,no,True
1,3,male,21.1,1,0,29.56,C,Third,man,True,C,Cherbourg,yes,False
0,3,male,44.4,1,3,25.18,S,Third,man,True,E,Southampton,no,False
0,1,male,37.8,0,1,52.04,S,First,man,True,B,Southampton,no,False
0,2,male,52.9,1,1,40.17,S,Second,man,True,E,Southampton,no,False
0,2,female,60.7,0,2,57.34,C,Second,woman,False,,Cherbourg,no,False
1,3,male,14.6,0,0,39.01,Q,Third,child,False,B,Queenstown,yes,True
1,3,female,30.0,0,0,29.52,S,Third,woman,False,,Southampton,yes,True
0,3,male,12.5,3,0,20.98,S,Third,child,False,B,Southampton,no,False
1,3,female,18.1,0,0,26.99,S,Third,woman,False,,Southampton,yes,True
1,3,female,20.2,0,0,23.86,S,Third,woman,False,,Southampton,yes,True
1,3,female,14.2,0,2,23.4,S,Third,child,False,,Southampton,yes,False
0,1,male,14.3,1,0,60.01,S,First,child,False,D,Southampton,no,False
0,1,male,27.0,0,0,70.03,S,First,man,True,C,Southampton,no,True
1,2,male,12.0,0,0,48.81,S,Second,child,False,,Southampton,yes,True
0,3,male,40.8,4,0,24.1,S,Third,man,True,,Southampton,no,False
1,1,female,16.2,0,0,63.47,C,First,woman,False,,Cherbourg,yes,True
1,3,female,68.3,0,0,21.69,S,Third,woman,False,A,Southampton,yes,True
1,3,female,22.7,0,0,21.43,S,Third,woman,False,D,Southampton,yes,True
0,3,male,30.0,1,0,21.06,S,Third,man,True,,Southampton,no,False
0,1,male,10.9,0,1,60.52,C,First,child,False,,Cherbourg,no,False
0,2,male,52.9,0,0,49.59,S,Second,man,True,,Southampton,no,True
0,1,male,44.7,0,0,64.31,S,First,man,True,E,Southampton,no,True
0,3,male,33.2,1,0,23.04,S,Third,man,True,E,Southampton,no,False
0,3,male,10.1,1,0,20.22,S,Third,child,False,,Southampton,no,False
0,3,male,31.9,0,0,22.83,Q,Third,man,True,,Queenstown,no,True
1,2,female,13.3,0,2,37.63,S,Second,child,False,C,Southampton,yes,False
0,2,male,49.5,1,0,42.96,S,Second,man,True,,Southampton,no,False
1,2,female,40.3,0,0,42.88,C,Second,woman,False,,Cherbourg,yes,True
1,3,female,30.3,0,0,26.34,S,Third,woman,False,E,Southampton,yes,True
1,3,male,1.0,0,1,30.74,S,Third,child,False,G,Southampton,yes,False
1,1,female,15.2,0,0,86.09,S,First,child,False,,Southampton,yes,True
0,3,female,38.6,0,0,26.22,S,Third,woman,False,F,Southampton,no,True
0,1,male,46.0,0,1,59.28,S,First,man,True,,Southampton,no,False
0,3,male,44.5,0,0,27.49,C,Third,man,True,,Cherbourg,no,True
1,1,female,6.7,0,0,54.45,C,First,child,False,D,Cherbourg,yes,True
0,2,male,33.2,1,0,46.82,C,Second,man,True,,Cherbourg,no,False
0,3,male,43.2,0,0,25.96,S,Third,man,True,F,Southampton,no,True
0,1,male,5.8,0,2,53.59,S,First,child,False,,Southampton,no,False
1,2,female,28.9,1,0,38.87,S,Second,woman,False,,Southampton,yes,False
1,2,female,32.8,0,0,49.97,Q,Second,woman,False,,Queenstown,yes,True
1,2,female,24.8,1,0,46.6,C,Second,woman,False,,Cherbourg,yes,False
1,3,female,3.1,0,0,24.92,S,Third,child,False,,Southampton,yes,True
0,3,male,24.4,1,1,30.61,S,Third,man,True,,Southampton,no,False
0,3,male,24.4,0,0,27.57,C,Third,man,True,,Cherbourg,no,True
1,2,male,26.9,0,1,44.4,Q,Second,man,True,,Queenstown,yes,False
1,3,male,21.1,0,0,24.34,C,Third,man,True,D,Cherbourg,yes,True
1,2,female,22.8,0,0,37.73,S,Second,woman,False,,Southampton,yes,True
1,2,male,28.4,0,0,40.93,S,Second,man,True,,Southampton,yes,True
1,1,male,35.2,1,1,53.26,S,First,man,True,B,Southampton,yes,False
1,3,female,24.7,1,0,23.01,S,Third,woman,False,,Southampton,yes,False
1,3,male,23.3,0,0,21.74,Q,Third,man,True,E,Queenstown,yes,True
0,3,male,30.3,1,0,20.23,S,Third,man,True,E,Southampton,no,False
0,3,male,2.1,1,0,25.0,S,Third,child,False,D,Southampton,no,False
0,3,male,35.7,1,0,36.99,S,Third,man,True,E,Southampton,no,False
1,3,male,29.0,1,0,34.11,S,Third,man,True,E,Southampton,yes,False
0,3,male,29.6,0,1,43.04,S,Third,man,True,,Southampton,no,False
0,2,male,42.5,0,0,37.87,S,Second,man,True,,Southampton,no,True
1,1,male,1.7,0,0,62.38,C,First,child,False,D,Cherbourg,yes,True
1,1,female,1.4,2,0,56.79,S,First,child,False,D,Southampton,yes,False
1,3,male,32.8,0,0,23.87,S,Third,man,True,,Southampton,yes,True
0,3,male,28.9,0,0,35.64,S,Third,man,True,B,Southampton,no,True
0,3,male,31.4,0,0,26.84,S,Third,man,True,,Southampton,no,True
1,1,male,22.5,2,0,50.89,S,First,man,True,,Southampton,yes,False
0,3,female,38.3,0,0,34.0,C,Third,woman,False,,Cherbourg,no,True
0,1,male,42.1,0,1,60.06,S,First,man,True,,Southampton,no,False
1,2,female,35.8,1,0,43.33,Q,Second,woman,False,,Queenstown,yes,False
1,1,female,25.3,4,0,52.28,S,First,woman,False,,Southampton,yes,False
1,1,male,1.0,0,1,59.11,S,First,child,False,,Southampton,yes,False
1,3,female,39.8,1,1,40.91,S,Third,woman,False,D,Southampton,yes,False
0,2,male,46.1,1,0,44.85,S,Second,man,True,D,Southampton,no,False
1,3,male,38.0,0,0,21.42,C,Third,man,True,F,Cherbourg,yes,True
0,3,male,16.7,1,0,30.43,S,Third,man,False,G,Southampton,no,False
0,2,female,38.4,0,0,44.93,S,Second,woman,False,,Southampton,no,True
1,3,male,41.0,0,0,33.13,S,Third,man,True,D,Southampton,yes,True
0,1,male,50.8,0,0,59.72,C,First,man,True,D,Cherbourg,no,True
0,3,male,16.7,0,0,23.02,S,Third,man,False,F,Southampton,no,True
1,3,male,25.8,0,0,27.97,C,Third,man,True,,Cherbourg,yes,True
0,3,female,39.5,0,0,26.02,S,Third,woman,False,,Southampton,no,True
0,3,male,29.8,0,0,28.75,C,Third,man,True,,Cherbourg,no,True
0,1,male,13.4,0,0,66.05,S,First,child,False,D,Southampton,no,True
0,3,male,34.8,0,1,24.13,S,Third,man,True,G,Southampton,no,False
0,2,male,37.1,0,1,60.43,Q,Second,man,True,,Queenstown,no,False
1,1,male,30.2,1,0,60.38,S,First,man,True,,Southampton,yes,False
0,2,male,32.1,1,0,49.06,S,Second,man,True,,Southampton,no,False
0,3,male,25.4,0,0,32.72,S,Third,man,True,,Southampton,no,True
0,3,female,49.7,2,0,30.06,S,Third,woman,False,B,Southampton,no,False
0,3,female,16.4,0,0,31.51,S,Third,woman,False,,Southampton,no,True
0,3,female,20.8,1,0,19.57,S,Third,woman,False,,Southampton,no,False
1,1,male,29.2,0,0,62.7,C,First,man,True,,Cherbourg,yes,True
1,3,female,41.3,1,0,23.28,C,Third,woman,False,,Cherbourg,yes,False
1,2,female,8.0,3,0,42.19,S,Second,child,False,G,Southampton,yes,False
1,3,female,10.7,1,0,30.01,S,Third,child,False,D,Southampton,yes,False
1,1,male,1.0,0,0,66.56,C,First,child,False,,Cherbourg,yes,True
0,3,male,29.5,0,2,23.28,S,Third,man,True,,Southampton,no,False
1,2,male,13.3,0,0,40.12,S,Second,child,False,A,Southampton,yes,True
1,1,female,23.6,0,0,55.76,S,First,woman,False,G,Southampton,yes,True
0,3,male,38.3,1,0,28.83,S,Third,man,True,,Southampton,no,False
1,1,male,20.0,4,0,56.07,S,First,man,True,F,Southampton,yes,False
1,1,male,32.2,0,0,61.54,C,First,man,True,,Cherbourg,yes,True
0,3,male,24.8,0,0,20.96,Q,Third,man,True,,Queenstown,no,True
1,2,male,38.4,0,0,41.73,S,Second,man,True,,Southampton,yes,True
1,3,female,35.7,0,0,42.32,S,Third,woman,False,,Southampton,yes,True
1,2,female,19.3,0,0,41.08,S,Second,woman,False,,Southampton,yes,True
1,3,female,26.6,0,0,30.41,S,Third,woman,False,C,Southampton,yes,True
1,3,male,43.6,1,0,34.79,C,Third,man,True,,Cherbourg,yes,False
0,3,male,34.5,0,0,30.15,S,Third,man,True,,Southampton,no,True
0,3,male,9.4,0,1,46.96,Q,Third,child,False,,Queenstown,no,False
0,3,male,38.2,0,0,28.12,S,Third,man,True,,Southampton,no,True
0,3,male,13.8,1,0,31.97,S,Third,child,False,D,Southampton,no,False
0,2,male,48.8,1,0,44.12,S,Second,man,True,,Southampton,no,False
0,1,male,43.3,0,0,69.32,S,First,man,True,D,Southampton,no,True
0,3,male,33.1,0,0,25.34,C,Third,man,True,A,Cherbourg,no,True
0,3,male,31.2,0,0,48.42,S,Third,man,True,,Southampton,no,True
0,1,male,26.1,0,0,54.23,S,First,man,True,D,Southampton,no,True
0,2,male,38.5,0,0,58.78,S,Second,man,True,,Southampton,no,True
0,3,male,23.8,0,0,22.89,S,Third,man,True,E,Southampton,no,True
0,3,male,32.3,2,1,32.26,C,Third,man,True,F,Cherbourg,no,False
1,3,female,41.2,0,0,27.57,S,Third,woman,False,G,Southampton,yes,True
1,3,male,21.1,0,3,34.58,S,Third,man,True,E,Southampton,yes,False
1,3,male,20.4,0,0,30.6,S,Third,man,True,,Southampton,yes,True
0,2,male,12.3,2,1,49.02,S,Second,child,False,,Southampton,no,False
0,3,male,14.1,3,1,22.78,S,Third,child,False,,Southampton,no,False
1,2,female,3.4,1,0,36.26,S,Second,child,False,,Southampton,yes,False
0,3,male,39.2,0,1,22.31,S,Third,man,True,,Southampton,no,False
1,2,female,54.3,0,2,37.24,S,Second,woman,False,,Southampton,yes,False
1,3,male,49.0,1,0,22.75,S,Third,man,True,D,Southampton,yes,False
1,3,male,6.2,1,0,24.5,Q,Third,child,False,B,Queenstown,yes,False
0,3,male,39.1,0,0,24.47,S,Third,man,True,,Southampton,no,True
0,3,female,48.9,0,1,27.71,S,Third,woman,False,,Southampton,no,False
0,2,male,22.6,0,0,38.52,S,Second,man,True,,Southampton,no,True
0,3,male,30.4,1,1,23.81,S,Third,man,True,,Southampton,no,False
1,2,male,1.0,1,1,41.4,C,Second,child,False,E,Cherbourg,yes,False
0,2,male,32.7,0,2,51.02,S,Second,man,True,,Southampton,no,False
1,2,male,14.1,0,0,40.26,S,Second,child,False,E,Southampton,yes,True
0,1,male,31.8,0,0,57.3,Q,First,man,True,,Queenstown,no,True
0,1,male,7.1,0,0,58.3,C,First,child,False,E,Cherbourg,no,True
1,3,female,36.6,0,2,23.1,C,Third,woman,False,C,Cherbourg,yes,False
0,3,female,43.3,1,1,25.73,S,Third,woman,False,,Southampton,no,False
1,3,male,18.0,0,0,24.11,S,Third,man,True,C,Southampton,yes,True
1,1,male,13.1,0,0,64.96,S,First,child,False,,Southampton,yes,True
1,2,male,1.0,0,0,49.09,S,Second,child,False,,Southampton,yes,True
0,1,female,25.3,0,2,53.72,S,First,woman,False,D,Southampton,no,False
0,3,male,20.9,0,0,27.19,C,Third,man,True,D,Cherbourg,no,True
1,3,female,7.3,0,0,31.98,S,Third,child,False,,Southampton,yes,True
0,2,female,35.3,0,1,44.74,S,Second,woman,False,,Southampton,no,False
1,3,female,22.7,1,0,30.55,S,Third,woman,False,,Southampton,yes,False
1,1,male,13.9,0,0,53.12,S,First,child,False,C,Southampton,yes,True
1,2,female,21.2,0,0,58.2,S,Second,woman,False,,Southampton,yes,True
0,1,male,44.0,0,1,54.42,C,First,man,True,,Cherbourg,no,False
0,2,male,37.4,1,0,39.31,S,Second,man,True,,Southampton,no,False
0,3,male,27.2,0,0,21.99,C,Third,man,True,F,Cherbourg,no,True
0,3,male,37.7,1,0,26.64,S,Third,man,True,B,Southampton,no,False
1,1,female,12.7,2,0,67.22,S,First,child,False,,Southampton,yes,False
1,3,female,29.5,0,1,29.67,S,Third,woman,False,,Southampton,yes,False
1,3,male,31.1,0,0,27.08,C,Third,man,True,F,Cherbourg,yes,True
1,3,female,22.4,1,0,33.36,S,Third,woman,False,,Southampton,yes,False
0,3,male,35.1,0,0,36.92,S,Third,man,True,C,Southampton,no,True
0,2,male,18.1,0,0,49.07,S,Second,man,True,C,Southampton,no,True
0,3,male,36.1,0,0,20.75,C,Third,man,True,B,Cherbourg,no,True
1,2,female,36.7,0,0,48.45,S,Second,woman,False,G,Southampton,yes,True
1,3,male,1.0,0,0,30.87,C,Third,child,False,B,Cherbourg,yes,True
0,2,male,45.7,0,0,38.64,Q,Second,man,True,G,Queenstown,no,True
1,3,male,1.0,0,0,30.9,C,Third,child,False,C,Cherbourg,yes,True
1,1,female,20.4,0,0,67.24,S,First,woman,False,,Southampton,yes,True
0,2,female,43.4,0,2,39.61,S,Second,woman,False,,Southampton,no,False
0,3,female,24.6,2,0,34.79,Q,Third,woman,False,,Queenstown,no,False
1,3,female,8.5,0,3,29.83,S,Third,child,False,D,Southampton,yes,False
1,2,female,13.7,0,0,34.71,S,Second,child,False,,Southampton,yes,True
0,3,male,43.4,0,0,27.51,S,Third,man,True,D,Southampton,no,True
1,3,male,2.1,0,0,29.53,C,Third,child,False,,Cherbourg,yes,True
0,2,female,44.8,0,0,40.93,S,Second,woman,False,,Southampton,no,True
0,3,female,28.2,0,1,30.11,S,Third,woman,False,F,Southampton,no,False
0,3,male,12.3,0,0,26.87,S,Third,child,False,B,Southampton,no,True
1,3,male,20.8,0,0,52.3,C,Third,man,True,,Cherbourg,yes,True
1,2,female,14.8,0,0,40.57,S,Second,child,False,,Southampton,yes,True
1,2,male,41.1,0,0,38.74,C,Second,man,True,,Cherbourg,yes,True
1,3,female,39.3,0,2,34.26,C,Third,woman,False,,Cherbourg,yes,False
0,3,male,4.9,0,2,26.21,Q,Third,child,False,,Queenstown,no,False
0,3,male,23.3,0,0,27.18,C,Third,man,True,D,Cherbourg,no,True
0,3,female,16.9,0,1,26.68,S,Third,woman,False,,Southampton,no,False
0,3,male,47.1,0,1,33.7,S,Third,man,True,F,Southampton,no,False
0,3,male,10.1,0,0,22.72,S,Third,child,False,,Southampton,no,True
0,3,male,51.5,0,0,34.77,Q,Third,man,True,C,Queenstown,no,True
1,3,female,28.5,0,0,31.54,S,Third,woman,False,,Southampton,yes,True
1,3,male,12.7,2,0,45.48,S,Third,child,False,,Southampton,yes,False
0,2,male,19.5,0,2,43.97,C,Second,man,True,E,Cherbourg,no,False
1,3,female,17.8,0,0,22.95,S,Third,woman,False,F,Southampton,yes,True
1,2,female,11.2,0,1,44.04,C,Second,child,False,,Cherbourg,yes,False
0,2,male,30.3,3,2,44.93,S,Second,man,True,,Southampton,no,False
0,3,male,11.8,0,0,38.29,S,Third,child,False,,Southampton,no,True
1,2,male,1.0,0,0,37.94,S,Second,child,False,E,Southampton,yes,True
0,1,male,23.7,3,2,51.42,S,First,man,True,,Southampton,no,False
0,3,male,3.8,0,2,29.19,S,Third,child,False,,Southampton,no,False
1,3,female,18.5,3,0,46.23,Q,Third,woman,False,G,Queenstown,yes,False
1,1,male,16.3,0,0,62.81,S,First,man,False,,Southampton,yes,True
0,1,male,16.8,0,0,63.35,S,First,man,False,C,Southampton,no,True
0,2,female,57.0,0,0,36.93,C,Second,woman,False,C,Cherbourg,no,True
1,3,male,29.8,0,0,28.04,C,Third,man,True,G,Cherbourg,yes,True
0,3,male,32.4,2,0,38.53,S,Third,man,True,,Southampton,no,False
1,1,female,4.1,0,0,60.02,Q,First,child,False,F,Queenstown,yes,True
0,3,female,19.8,4,0,21.28,S,Third,woman,False,D,Southampton,no,False
1,1,female,32.0,0,0,57.91,S,First,woman,False,,Southampton,yes,True
0,2,male,14.7,0,0,47.16,S,Second,child,False,,Southampton,no,True
0,3,male,41.7,3,1,27.23,C,Third,man,True,,Cherbourg,no,False
1,1,female,12.2,0,0,53.34,S,First,child,False,A,Southampton,yes,True
0,1,male,25.0,2,0,64.58,S,First,man,True,,Southampton,no,False
0,2,male,20.8,0,0,40.37,C,Second,man,True,,Cherbourg,no,True
0,3,male,31.3,1,0,30.76,S,Third,man,True,,Southampton,no,False
0,3,female,20.0,0,0,27.74,S,Third,woman,False,E,Southampton,no,True
1,3,female,25.2,0,0,25.19,C,Third,woman,False,A,Cherbourg,yes,True
1,1,male,25.7,0,0,78.22,S,First,man,True,F,Southampton,yes,True
1,1,female,18.7,0,0,54.68,S,First,woman,False,,Southampton,yes,True
0,3,male,35.8,0,0,28.27,S,Third,man,True,G,Southampton,no,True
1,2,male,32.3,0,0,42.72,Q,Second,man,True,D,Queenstown,yes,True
0,3,male,27.8,1,2,29.01,S,Third,man,True,,Southampton,no,False
0,3,male,23.0,0,1,46.82,S,Third,man,True,,Southampton,no,False
0,1,male,40.2,1,0,62.17,S,First,man,True,C,Southampton,no,False
1,3,male,25.7,4,0,25.15,S,Third,man,True,,Southampton,yes,False
1,1,female,24.7,0,0,71.38,Q,First,woman,False,,Queenstown,yes,True
1,2,male,30.5,0,0,48.75,S,Second,man,True,F,Southampton,yes,True
1,3,female,52.8,0,0,25.24,S,Third,woman,False,,Southampton,yes,True
1,3,female,10.2,0,0,39.17,S,Third,child,False,,Southampton,yes,True
0,3,male,39.8,0,0,21.9,S,Third,man,True,E,Southampton,no,True
1,3,female,2.5,1,0,22.6,S,Third,child,False,A,Southampton,yes,False
0,3,male,32.0,0,0,21.15,Q,Third,man,True,E,Queenstown,no,True
0,3,male,51.1,0,1,20.42,S,Third,man,True,D,Southampton,no,False
0,3,female,35.8,1,1,38.23,S,Third,woman,False,,Southampton,no,False
1,1,female,31.4,0,0,59.1,S,First,woman,False,,Southampton,yes,True
1,3,male,21.2,0,0,21.33,S,Third,man,True,,Southampton,yes,True
0,3,male,29.4,0,0,27.56,S,Third,man,True,E,Southampton,no,True
0,2,male,25.5,1,0,50.12,S,Second,man,True,,Southampton,no,False
0,3,female,18.0,0,0,23.92,S,Third,woman,False,A,Southampton,no,True
1,2,male,24.9,0,0,40.93,C,Second,man,True,,Cherbourg,yes,True
1,1,male,31.8,0,0,79.11,C,First,man,True,B,Cherbourg,yes,True
1,3,male,18.3,0,2,26.41,S,Third,man,True,,Southampton,yes,False
0,2,male,17.7,0,0,36.5,Q,Second,man,False,,Queenstown,no,True
1,3,female,10.0,0,0,24.86,S,Third,child,False,D,Southampton,yes,True
1,3,female,34.5,3,0,21.19,S,Third,woman,False,,Southampton,yes,False
0,3,male,36.6,0,0,32.92,C,Third,man,True,,Cherbourg,no,True
0,2,male,32.2,1,0,38.38,S,Second,man,True,,Southampton,no,False
0,2,male,42.5,0,0,38.27,S,Second,man,True,,Southampton,no,True
0,3,female,30.2,0,0,50.9,C,Third,woman,False,D,Cherbourg,no,True
0,3,female,34.5,0,0,22.28,S,Third,woman,False,,Southampton,no,True
1,3,male,33.3,0,0,21.8,C,Third,man,True,B,Cherbourg,yes,True
0,3,male,27.7,1,1,22.76,S,Third,man,True,,Southampton,no,False
0,1,male,21.6,2,0,65.46,C,First,man,True,D,Cherbourg,no,False
0,3,male,60.0,1,0,31.69,S,Third,man,True,,Southampton,no,False
1,1,female,22.7,0,0,54.8,S,First,woman,False,,Southampton,yes,True
1,1,male,19.7,1,0,54.4,S,First,man,True,C,Southampton,yes,False
0,3,male,35.1,0,0,31.02,C,Third,man,True,G,Cherbourg,no,True
1,1,female,32.5,2,2,59.38,S,First,woman,False,,Southampton,yes,False
1,1,male,9.3,0,0,56.77,C,First,child,False,C,Cherbourg,yes,True
0,1,male,44.7,0,0,61.99,S,First,man,True,,Southampton,no,True
0,2,male,27.7,0,0,37.55,S,Second,man,True,,Southampton,no,True
0,3,male,13.4,0,0,23.44,S,Third,child,False,F,Southampton,no,True
0,1,male,45.6,0,0,62.46,S,First,man,True,,Southampton,no,True
1,3,male,37.8,2,0,29.99,Q,Third,man,True,,Queenstown,yes,False
0,3,male,11.3,1,0,28.0,S,Third,child,False,,Southampton,no,False
0,1,male,53.9,3,0,80.16,S,First,man,True,C,Southampton,no,False
1,1,male,38.2,0,0,64.0,S,First,man,True,A,Southampton,yes,True
1,3,female,28.9,0,0,24.94,S,Third,woman,False,B,Southampton,yes,True
0,3,male,51.3,0,0,23.76,S,Third,man,True,,Southampton,no,True
0,3,male,31.2,0,1,30.36,C,Third,man,True,,Cherbourg,no,False
0,3,male,28.6,0,0,38.19,S,Third,man,True,,Southampton,no,True
1,1,female,19.8,0,0,50.91,S,First,woman,False,D,Southampton,yes,True
0,2,female,37.1,0,0,44.78,S,Second,woman,False,,Southampton,no,True
1,3,male,35.7,0,0,25.84,S,Third,man,True,,Southampton,yes,True
0,2,male,29.2,0,0,44.1,S,Second,man,True,,Southampton,no,True
0,3,male,17.9,0,0,21.63,S,Third,man,False,C,Southampton,no,True
0,3,male,30.8,0,0,38.18,S,Third,man,True,,Southampton,no,True
1,3,male,28.0,2,2,41.7,C,Third,man,True,C,Cherbourg,yes,False
1,3,male,10.3,0,0,33.07,Q,Third,child,False,C,Queenstown,yes,True
0,2,male,8.4,1,0,59.75,Q,Second,child,False,,Queenstown,no,False
1,1,male,36.9,0,0,55.58,C,First,man,True,,Cherbourg,yes,True
1,1,male,1.0,1,0,59.6,S,First,child,False,F,Southampton,yes,False
0,3,male,31.9,1,0,33.21,C,Third,man,True,,Cherbourg,no,False
1,1,female,22.3,1,0,60.46,S,First,woman,False,,Southampton,yes,False
0,1,male,47.3,0,0,56.24,S,First,man,True,C,Southampton,no,True
1,1,female,22.1,0,0,56.84,S,First,woman,False,,Southampton,yes,True
0,1,male,38.2,0,0,70.35,S,First,man,True,E,Southampton,no,True
1,3,female,23.4,0,3,27.67,Q,Third,woman,False,C,Queenstown,yes,False
0,2,female,30.6,0,0,52.46,C,Second,woman,False,,Cherbourg,no,True
1,3,female,39.3,0,0,27.34,S,Third,woman,False,,Southampton,yes,True
0,1,female,22.5,0,2,67.39,S,First,woman,False,D,Southampton,no,False
1,3,female,43.0,0,0,28.36,S,Third,woman,False,G,Southampton,yes,True
1,2,male,15.1,0,0,47.41,S,Second,child,False,,Southampton,yes,True
1,2,female,33.1,0,0,39.24,C,Second,woman,False,,Cherbourg,yes,True
0,3,male,41.9,1,2,29.59,Q,Third,man,True,,Queenstown,no,False
0,3,male,38.2,1,0,24.3,S,Third,man,True,,Southampton,no,False
0,3,male,55.8,0,0,25.46,S,Third,man,True,G,Southampton,no,True
1,1,female,18.3,0,2,55.87,S,First,woman,False,,Southampton,yes,False
1,1,male,9.7,0,0,56.74,S,First,child,False,,Southampton,yes,True
1,3,male,15.1,0,3,35.99,S,Third,child,False,,Southampton,yes,False
1,2,male,38.2,0,1,40.27,S,Second,man,True,C,Southampton,yes,False
0,3,male,36.0,0,2,28.83,S,Third,man,True,E,Southampton,no,False
0,3,male,30.4,3,0,37.43,S,Third,man,True,C,Southampton,no,False
1,3,male,13.3,0,0,32.22,S,Third,child,False,F,Southampton,yes,True
0,3,male,39.7,1,0,20.95,C,Third,man,True,,Cherbourg,no,False
0,3,male,11.9,0,0,21.57,S,Third,child,False,,Southampton,no,True
0,1,male,45.2,0,0,60.61,C,First,man,True,,Cherbourg,no,True
0,1,male,69.0,1,2,55.03,S,First,man,True,,Southampton,no,False
0,3,male,34.1,0,0,21.27,S,Third,man,True,,Southampton,no,True
0,3,male,37.2,1,0,24.7,S,Third,man,True,,Southampton,no,False
1,2,female,22.1,0,0,45.92,S,Second,woman,False,,Southampton,yes,True
1,2,male,3.7,0,0,40.81,S,Second,child,False,,Southampton,yes,True
1,3,female,20.6,0,0,28.16,S,Third,woman,False,B,Southampton,yes,True
1,3,female,13.7,1,0,26.28,S,Third,child,False,,Southampton,yes,False
1,3,male,8.7,0,1,24.1,Q,Third,child,False,,Queenstown,yes,False
1,2,male,53.1,1,0,44.44,S,Second,man,True,,Southampton,yes,False
1,2,male,32.8,1,0,36.07,S,Second,man,True,,Southampton,yes,False
1,3,female,34.3,1,0,23.6,C,Third,woman,False,,Cherbourg,yes,False
1,2,female,24.7,0,0,48.96,S,Second,woman,False,,Southampton,yes,True
1,3,female,26.6,1,1,21.64,S,Third,woman,False,C,Southampton,yes,False
0,3,male,42.5,2,1,27.83,C,Third,man,True,,Cherbourg,no,False
0,1,male,28.5,0,0,55.41,S,First,man,True,,Southampton,no,True
1,1,male,36.4,0,1,54.95,S,First,man,True,,Southampton,yes,False
1,1,female,26.3,0,0,64.94,S,First,woman,False,,Southampton,yes,True
0,3,male,24.2,0,0,37.07,S,Third,man,True,D,Southampton,no,True
0,3,female,9.3,1,1,22.75,C,Third,child,False,,Cherbourg,no,False
1,1,female,1.3,0,0,56.78,S,First,child,False,,Southampton,yes,True
0,3,male,25.3,0,0,20.62,S,Third,man,True,,Southampton,no,True
0,3,male,29.8,0,0,34.33,S,Third,man,True,,Southampton,no,True
0,3,male,11.0,0,0,27.5,S,Third,child,False,,Southampton,no,True
1,3,female,28.5,0,0,21.49,S,Third,woman,False,,Southampton,yes,True
0,1,male,29.8,1,0,53.78,S,First,man,True,E,Southampton,no,False
1,1,female,1.0,0,0,52.48,C,First,child,False,B,Cherbourg,yes,True
0,3,male,16.2,0,0,23.56,S,Third,man,False,,Southampton,no,True
1,1,female,34.7,1,1,50.76,C,First,woman,False,,Cherbourg,yes,False
0,3,female,34.4,0,0,40.2,S,Third,woman,False,,Southampton,no,True
0,1,male,12.8,0,2,52.87,S,First,child,False,E,Southampton,no,False
1,1,female,31.2,0,0,57.81,S,First,woman,False,B,Southampton,yes,True
1,1,female,43.3,3,0,60.84,C,First,woman,False,E,Cherbourg,yes,False
1,2,female,39.9,1,0,52.09,S,Second,woman,False,,Southampton,yes,False
0,1,male,27.7,0,1,58.04,S,First,man,True,,Southampton,no,False
0,1,male,22.4,0,0,56.19,C,First,man,True,,Cherbourg,no,True
0,3,male,20.2,0,1,28.31,S,Third,man,True,F,Southampton,no,False
0,2,male,35.5,0,0,37.73,S,Second,man,True,,Southampton,no,True
1,2,male,31.7,0,0,37.99,S,Second,man,True,,Southampton,yes,True
0,1,male,37.8,2,0,56.07,S,First,man,True,D,Southampton,no,False
1,2,male,30.8,1,0,35.27,S,Second,man,True,,Southampton,yes,False
0,2,male,40.5,0,0,39.18,S,Second,man,True,,Southampton,no,True
0,3,male,30.3,1,0,25.11,Q,Third,man,True,A,Queenstown,no,False
0,1,female,40.0,3,0,77.3,S,First,woman,False,A,Southampton,no,False
1,3,female,41.2,0,0,38.66,S,Third,woman,False,,Southampton,yes,True
1,3,male,17.7,0,0,30.81,Q,Third,man,False,,Queenstown,yes,True
0,1,male,3.7,2,0,64.59,S,First,child,False,,Southampton,no,False
1,1,female,50.6,0,0,52.96,S,First,woman,False,,Southampton,yes,True
0,1,male,32.6,1,0,58.49,S,First,man,True,,Southampton,no,False
1,3,male,5.0,0,0,33.31,S,Third,child,False,,Southampton,yes,True
1,1,male,19.0,0,0,52.99,S,First,man,True,,Southampton,yes,True
1,3,female,39.8,1,0,21.58,Q,Third,woman,False,C,Queenstown,yes,False
0,3,male,25.1,0,1,29.96,C,Third,man,True,,Cherbourg,no,False
0,3,female,21.8,0,0,21.83,S,Third,woman,False,E,Southampton,no,True
0,3,female,48.6,0,0,31.57,S,Third,woman,False,E,Southampton,no,True
0,3,male,14.3,0,1,36.88,C,Third,child,False,,Cherbourg,no,False
1,1,female,17.8,0,0,53.09,S,First,woman,False,,Southampton,yes,True
1,2,female,32.0,0,0,38.35,C,Second,woman,False,A,Cherbourg,yes,True
1,2,male,34.5,0,2,51.54,S,Second,man,True,,Southampton,yes,False
0,3,male,35.9,0,2,28.07,S,Third,man,True,,Southampton,no,False
0,3,male,41.8,0,0,35.0,C,Third,man,True,C,Cherbourg,no,True
1,3,male,31.8,1,0,26.26,S,Third,man,True,,Southampton,yes,False
1,1,male,35.9,0,0,56.68,S,First,man,True,,Southampton,yes,True
0,3,female,25.4,0,3,27.9,C,Third,woman,False,B,Cherbourg,no,False
0,3,male,29.9,0,2,43.62,S,Third,man,True,C,Southampton,no,False
0,3,male,30.5,0,0,34.17,S,Third,man,True,,Southampton,no,True
1,3,female,32.0,1,0,24.05,S,Third,woman,False,D,Southampton,yes,False
0,2,male,39.8,0,0,43.99,S,Second,man,True,B,Southampton,no,True
0,2,female,36.8,0,0,40.89,S,Second,woman,False,,Southampton,no,True
1,3,female,29.6,3,0,24.95,S,Third,woman,False,,Southampton,yes,False
1,1,male,17.7,1,0,61.33,S,First,man,False,,Southampton,yes,False
1,2,male,29.9,1,0,44.65,C,Second,man,True,,Cherbourg,yes,False
0,1,female,28.6,1,0,53.13,S,First,woman,False,,Southampton,no,False
1,1,female,31.7,2,0,57.92,S,First,woman,False,,Southampton,yes,False
1,3,female,59.9,0,0,24.81,S,Third,woman,False,,Southampton,yes,True
0,3,male,21.7,0,0,30.8,C,Third,man,True,,Cherbourg,no,True
1,2,female,34.9,0,0,39.62,S,Second,woman,False,,Southampton,yes,True
0,2,male,44.0,0,2,41.71,C,Second,man,True,,Cherbourg,no,False
1,2,male,30.4,0,0,40.08,S,Second,man,True,F,Southampton,yes,True
1,3,male,61.7,0,0,21.01,S,Third,man,True,,Southampton,yes,True
1,3,female,23.7,0,0,42.83,Q,Third,woman,False,,Queenstown,yes,True
0,3,male,33.5,1,0,27.85,C,Third,man,True,F,Cherbourg,no,False
0,2,male,17.8,1,0,58.37,S,Second,man,False,,Southampton,no,False
1,2,female,24.1,0,0,43.14,S,Second,woman,False,,Southampton,yes,True
1,3,male,32.5,0,0,32.87,S,Third,man,True,,Southampton,yes,True
0,3,male,40.8,0,0,24.31,S,Third,man,True,A,Southampton,no,True
1,3,male,33.5,0,0,24.42,C,Third,man,True,E,Cherbourg,yes,True
0,3,male,46.6,2,0,27.49,C,Third,man,True,D,Cherbourg,no,False
1,3,female,27.7,1,0,43.23,S,Third,woman,False,,Southampton,yes,False
1,2,female,24.3,2,0,38.25,S,Second,woman,False,,Southampton,yes,False
1,2,male,66.9,1,0,35.62,S,Second,man,True,E,Southampton,yes,False
0,2,female,34.5,3,0,51.27,S,Second,woman,False,,Southampton,no,False
1,1,female,18.9,0,0,63.46,C,First,woman,False,A,Cherbourg,yes,True
1,1,male,19.3,0,0,55.34,S,First,man,True,C,Southampton,yes,True
0,3,female,15.8,0,0,49.45,S,Third,child,False,,Southampton,no,True
1,2,male,42.1,0,3,65.31,S,Second,man,True,,Southampton,yes,False
1,1,female,23.9,0,3,50.89,Q,First,woman,False,,Queenstown,yes,False
1,3,female,30.8,0,2,24.22,S,Third,woman,False,,Southampton,yes,False
0,3,female,28.1,2,0,27.45,S,Third,woman,False,,Southampton,no,False
0,2,male,39.2,0,0,45.58,S,Second,man,True,B,Southampton,no,True
1,3,female,17.1,2,0,29.4,S,Third,woman,False,,Southampton,yes,False
0,3,male,13.9,1,0,27.82,S,Third,child,False,,Southampton,no,False
0,3,male,32.1,0,0,22.74,S,Third,man,True,D,Southampton,no,True
1,3,male,37.4,0,0,31.59,S,Third,man,True,,Southampton,yes,True
0,1,female,33.7,0,0,62.08,S,First,woman,False,G,Southampton,no,True
0,3,male,17.7,0,0,35.46,C,Third,man,False,,Cherbourg,no,True
1,2,female,38.5,0,0,37.33,S,Second,woman,False,,Southampton,yes,True
0,3,female,18.6,2,0,26.49,S,Third,woman,False,,Southampton,no,False
1,3,male,21.7,0,0,25.11,S,Third,man,True,C,Southampton,yes,True
0,1,male,15.8,0,1,52.28,C,First,child,False,,Cherbourg,no,False
0,1,male,47.2,1,0,56.41,C,First,man,True,,Cherbourg,no,False
0,3,male,37.9,0,0,22.9,C,Third,man,True,A,Cherbourg,no,True
0,3,female,37.5,0,0,21.84,S,Third,woman,False,A,Southampton,no,True
1,1,male,46.5,0,0,63.58,S,First,man,True,,Southampton,yes,True
1,3,female,68.4,0,0,25.32,S,Third,woman,False,C,Southampton,yes,True
1,3,male,5.1,0,0,24.02,S,Third,child,False,,Southampton,yes,True
1,3,female,18.7,0,0,38.19,S,Third,woman,False,,Southampton,yes,True
1,3,female,20.4,0,0,32.35,S,Third,woman,False,E,Southampton,yes,True
1,1,female,17.1,0,0,50.48,S,First,woman,False,,Southampton,yes,True
1,3,female,13.9,0,2,30.63,S,Third,child,False,D,Southampton,yes,False
1,2,female,24.8,0,0,45.59,S,Second,woman,False,,Southampton,yes,True
1,3,male,12.0,0,0,26.18,S,Third,child,False,,Southampton,yes,True
1,2,male,33.7,0,0,40.98,C,Second,man,True,E,Cherbourg,yes,True
0,3,male,29.7,0,0,21.21,S,Third,man,True,,Southampton,no,True
1,2,male,35.7,0,0,64.23,C,Second,man,True,,Cherbourg,yes,True
1,1,female,36.1,0,0,56.39,S,First,woman,False,,Southampton,yes,True
0,3,male,37.4,1,0,30.19,C,Third,man,True,G,Cherbourg,no,False
1,3,female,23.8,2,0,26.69,C,Third,woman,False,,Cherbourg,yes,False
0,3,male,58.7,0,0,24.09,S,Third,man,True,,Southampton,no,True
0,3,female,32.3,2,0,34.35,Q,Third,woman,False,C,Queenstown,no,False
1,3,male,2.9,0,1,28.77,S,Third,child,False,,Southampton,yes,False
0,3,male,15.0,0,1,26.43,S,Third,child,False,C,Southampton,no,False
1,1,female,4.6,1,2,60.11,C,First,child,False,,Cherbourg,yes,False
1,3,female,29.2,1,0,27.22,S,Third,woman,False,F,Southampton,yes,False
0,3,male,27.3,1,0,44.46,S,Third,man,True,,Southampton,no,False
1,2,male,22.4,0,0,49.0,S,Second,man,True,,Southampton,yes,True
0,1,male,57.2,1,1,61.39,S,First,man,True,C,Southampton,no,False
0,3,male,36.7,0,0,21.45,S,Third,man,True,,Southampton,no,True
1,3,female,39.2,0,0,31.69,S,Third,woman,False,,Southampton,yes,True
1,3,female,16.0,0,0,31.47,S,Third,child,False,,Southampton,yes,True
1,3,male,15.0,4,0,22.96,S,Third,child,False,,Southampton,yes,False
0,3,male,29.5,0,0,21.4,S,Third,man,True,E,Southampton,no,True
0,2,male,31.4,1,0,48.59,S,Second,man,True,,Southampton,no,False
1,2,female,3.0,0,0,49.83,S,Second,child,False,A,Southampton,yes,True
1,2,male,26.5,1,1,39.44,S,Second,man,True,D,Southampton,yes,False
1,1,female,29.2,1,0,54.25,S,First,woman,False,,Southampton,yes,False
0,3,male,26.0,1,1,28.65,C,Third,man,True,,Cherbourg,no,False
1,3,male,17.6,0,0,25.3,C,Third,man,False,D,Cherbourg,yes,True
0,2,male,21.4,0,0,36.35,S,Second,man,True,C,Southampton,no,True
1,2,female,26.5,0,0,37.92,S,Second,woman,False,,Southampton,yes,True
0,3,male,30.3,0,2,29.91,C,Third,man,True,C,Cherbourg,no,False
0,1,male,37.5,0,0,53.1,C,First,man,True,D,Cherbourg,no,True
0,3,female,44.1,0,0,35.37,S,Third,woman,False,D,Southampton,no,True
1,3,male,24.9,0,0,31.33,S,Third,man,True,A,Southampton,yes,True
1,3,female,22.6,0,0,30.22,S,Third,woman,False,E,Southampton,yes,True
0,1,male,35.1,0,0,58.51,S,First,man,True,,Southampton,no,True
0,3,male,37.6,2,0,23.91,C,Third,man,True,F,Cherbourg,no,False
0,2,male,22.9,0,2,47.51,S,Second,man,True,,Southampton,no,False
0,3,male,40.1,3,0,23.8,S,Third,man,True,,Southampton,no,False
1,1,male,42.7,3,0,65.98,S,First,man,True,,Southampton,yes,False
0,3,male,47.1,0,0,41.9,C,Third,man,True,,Cherbourg,no,True
0,3,male,53.9,1,1,28.73,S,Third,man,True,,Southampton,no,False
0,1,male,16.9,0,1,69.95,C,First,man,False,,Cherbourg,no,False
0,1,male,29.2,1,0,52.96,S,First,man,True,,Southampton,no,False
1,1,male,29.2,0,2,61.43,S,First,man,True,,Southampton,yes,False
0,2,male,27.6,0,0,42.66,S,Second,man,True,,Southampton,no,True
0,1,male,19.9,0,1,63.76,S,First,man,True,,Southampton,no,False
0,3,male,8.2,0,2,20.55,Q,Third,child,False,C,Queenstown,no,False
0,2,male,30.3,3,0,48.17,S,Second,man,True,,Southampton,no,False
1,3,male,18.2,0,0,24.28,S,Third,man,True,,Southampton,yes,True
0,3,male,30.2,1,0,27.97,S,Third,man,True,E,Southampton,no,False
1,1,male,17.9,3,0,78.89,S,First,man,False,,Southampton,yes,False
0,3,male,13.6,0,1,31.72,S,Third,child,False,E,Southampton,no,False
1,3,male,32.3,0,0,30.59,C,Third,man,True,D,Cherbourg,yes,True
0,3,male,31.1,1,0,29.95,S,Third,man,True,,Southampton,no,False
1,2,male,37.1,0,2,52.17,S,Second,man,True,D,Southampton,yes,False
0,2,male,59.6,0,0,49.1,S,Second,man,True,,Southampton,no,True
1,1,female,32.9,0,0,60.04,S,First,woman,False,F,Southampton,yes,True
0,3,male,35.8,2,0,29.11,S,Third,man,True,,Southampton,no,False
1,3,female,13.9,0,0,28.64,S,Third,child,False,,Southampton,yes,True
1,3,male,11.0,0,0,27.33,S,Third,child,False,,Southampton,yes,True
0,1,female,51.2,0,0,52.28,S,First,woman,False,,Southampton,no,True
1,3,male,16.1,0,0,31.53,C,Third,man,False,,Cherbourg,yes,True
1,2,male,14.4,0,0,39.69,C,Second,child,False,,Cherbourg,yes,True
0,3,male,28.5,1,0,26.61,S,Third,man,True,,Southampton,no,False
0,1,male,27.7,1,0,64.79,S,First,man,True,G,Southampton,no,False
1,3,male,16.4,0,0,27.47,S,Third,man,False,,Southampton,yes,True
1,3,female,24.7,0,0,27.0,S,Third,woman,False,,Southampton,yes,True
0,1,female,46.2,0,0,58.75,S,First,woman,False,A,Southampton,no,True
1,1,female,17.7,0,0,55.91,S,First,woman,False,E,Southampton,yes,True
1,3,male,9.5,0,0,48.48,C,Third,child,False,,Cherbourg,yes,True
0,1,male,42.2,1,0,75.89,S,First,man,True,C,Southampton,no,False
1,3,female,35.9,0,2,45.44,S,Third,woman,False,,Southampton,yes,False
0,3,male,20.3,0,0,29.98,S,Third,man,True,F,Southampton,no,True
1,3,female,6.8,0,0,24.42,S,Third,child,False,,Southampton,yes,True
0,2,male,18.6,0,0,50.07,S,Second,man,True,A,Southampton,no,True
0,2,male,28.2,0,0,40.95,S,Second,man,True,,Southampton,no,True
0,1,male,45.3,2,0,66.02,S,First,man,True,F,Southampton,no,False
1,3,female,14.5,1,1,24.23,C,Third,child,False,C,Cherbourg,yes,False
0,2,male,27.8,2,1,45.53,C,Second,man,True,,Cherbourg,no,False
1,1,male,38.5,2,0,67.64,S,First,man,True,,Southampton,yes,False
1,2,male,1.0,0,0,41.24,Q,Second,child,False,,Queenstown,yes,True
0,3,male,43.5,2,0,26.22,S,Third,man,True,,Southampton,no,False
1,1,male,12.4,0,0,51.61,C,First,child,False,B,Cherbourg,yes,True
1,3,female,33.6,0,0,24.35,S,Third,woman,False,,Southampton,yes,True
0,3,male,32.5,0,0,29.83,S,Third,man,True,,Southampton,no,True
0,3,female,44.2,0,1,30.99,S,Third,woman,False,B,Southampton,no,False
1,3,female,36.7,0,0,32.21,S,Third,woman,False,,Southampton,yes,True
0,3,male,1.0,0,0,20.85,S,Third,child,False,,Southampton,no,True
0,3,male,18.0,1,0,25.98,S,Third,man,True,,Southampton,no,False
0,1,male,30.9,1,0,51.88,S,First,man,True,,Southampton,no,False
0,3,male,26.3,0,1,29.45,S,Third,man,True,,Southampton,no,False
0,3,male,35.7,0,0,21.22,S,Third,man,True,,Southampton,no,True
1,3,female,40.1,1,0,22.61,Q,Third,woman,False,B,Queenstown,yes,False
0,3,female,37.5,0,0,33.92,S,Third,woman,False,E,Southampton,no,True
1,3,female,26.0,0,2,24.83,Q,Third,woman,False,,Queenstown,yes,False
0,3,male,3.2,0,0,40.07,S,Third,child,False,,Southampton,no,True
1,3,female,22.6,0,0,32.44,S,Third,woman,False,,Southampton,yes,True
1,3,female,34.8,0,1,26.27,S,Third,woman,False,D,Southampton,yes,False
0,2,male,13.7,1,1,50.52,S,Second,child,False,,Southampton,no,False
1,2,male,37.8,1,0,41.73,S,Second,man,True,E,Southampton,yes,False
0,2,male,41.7,1,1,48.36,C,Second,man,True,C,Cherbourg,no,False
0,1,male,30.8,0,0,54.15,S,First,man,True,C,Southampton,no,True
1,1,male,1.0,1,0,66.16,C,First,child,False,,Cherbourg,yes,False
1,3,male,11.1,0,1,21.4,S,Third,child,False,,Southampton,yes,False
0,2,male,55.4,0,0,37.6,S,Second,man,True,B,Southampton,no,True
1,3,female,21.3,0,0,23.12,S,Third,woman,False,C,Southampton,yes,True
1,3,female,1.2,0,2,24.58,Q,Third,child,False,,Queenstown,yes,False
0,1,male,46.3,0,1,60.1,S,First,man,True,,Southampton,no,False
1,1,female,29.2,0,1,57.8,S,First,woman,False,,Southampton,yes,False
1,1,female,44.5,0,0,63.47,S,First,woman,False,C,Southampton,yes,True
0,3,male,32.9,0,3,37.81,S,Third,man,True,,Southampton,no,False
0,1,male,35.4,0,0,51.18,Q,First,man,True,,Queenstown,no,True
0,3,male,34.1,0,0,39.31,C,Third,man,True,,Cherbourg,no,True
0,3,male,38.8,2,0,26.61,S,Third,man,True,D,Southampton,no,False
0,3,female,60.9,0,1,45.11,Q,Third,woman,False,,Queenstown,no,False
0,1,male,42.6,0,1,53.97,C,First,man,True,F,Cherbourg,no,False
0,1,male,6.9,0,0,50.68,S,First,child,False,B,Southampton,no,True
0,1,male,35.3,1,0,62.55,S,First,man,True,E,Southampton,no,False
1,1,male,45.0,0,0,61.98,S,First,man,True,,Southampton,yes,True
1,1,female,45.8,2,0,52.68,S,First,woman,False,,Southampton,yes,False
0,3,male,23.0,0,0,22.99,S,Third,man,True,,Southampton,no,True
0,3,male,45.3,0,0,34.2,S,Third,man,True,,Southampton,no,True
0,3,male,42.0,0,0,30.47,Q,Third,man,True,,Queenstown,no,True
0,3,male,65.0,0,1,26.06,Q,Third,man,True,A,Queenstown,no,False
1,1,male,18.5,1,0,61.28,S,First,man,True,,Southampton,yes,False
1,3,male,21.9,1,1,29.69,S,Third,man,True,C,Southampton,yes,False
1,3,male,24.7,0,0,23.34,S,Third,man,True,,Southampton,yes,True
0,3,male,22.1,3,0,34.97,S,Third,man,True,E,Southampton,no,False
1,3,female,16.5,0,0,32.95,S,Third,woman,False,G,Southampton,yes,True
0,2,male,1.0,0,0,42.94,S,Second,child,False,,Southampton,no,True
0,1,male,22.9,0,0,64.21,S,First,man,True,A,Southampton,no,True
0,1,female,34.2,0,0,77.22,S,First,woman,False,E,Southampton,no,True
0,2,female,22.1,1,0,37.95,S,Second,woman,False,,Southampton,no,False
0,3,male,56.1,0,0,26.3,S,Third,man,True,B,Southampton,no,True
1,2,male,29.2,0,0,41.56,C,Second,man,True,E,Cherbourg,yes,True
1,3,male,47.1,0,0,33.99,S,Third,man,True,E,Southampton,yes,True
0,3,male,32.7,0,0,24.53,S,Third,man,True,F,Southampton,no,True
0,1,female,40.6,0,0,63.43,S,First,woman,False,,Southampton,no,True
0,2,male,32.9,1,0,40.04,S,Second,man,True,D,Southampton,no,False
1,3,female,48.2,0,0,22.59,S,Third,woman,False,,Southampton,yes,True
1,3,female,29.8,0,0,28.32,S,Third,woman,False,,Southampton,yes,True
0,2,male,35.9,0,0,39.94,S,Second,man,True,E,Southampton,no,True
1,1,female,34.1,0,1,58.99,S,First,woman,False,,Southampton,yes,False
1,3,male,25.0,0,0,30.71,S,Third,man,True,,Southampton,yes,True
1,1,female,34.7,1,0,51.32,S,First,woman,False,C,Southampton,yes,False
0,3,male,60.3,2,0,25.47,S,Third,man,True,F,Southampton,no,False
1,1,male,25.2,0,0,58.33,S,First,man,True,D,Southampton,yes,True
0,1,male,34.9,2,0,64.25,S,First,man,True,D,Southampton,no,False
0,3,male,46.6,0,1,33.02,S,Third,man,True,,Southampton,no,False
0,3,male,45.0,0,0,23.64,S,Third,man,True,,Southampton,no,True
0,3,female,29.2,1,0,26.84,S,Third,woman,False,,Southampton,no,False
0,2,male,1.0,1,0,46.13,S,Second,child,False,E,Southampton,no,False
0,3,male,36.2,1,0,26.45,S,Third,man,True,E,Southampton,no,False
1,3,male,1.0,0,0,24.0,S,Third,child,False,,Southampton,yes,True
0,3,male,49.6,0,0,27.56,S,Third,man,True,,Southampton,no,True
1,2,male,31.4,0,0,45.36,S,Second,man,True,B,Southampton,yes,True
1,1,female,43.0,0,2,53.29,C,First,woman,False,,Cherbourg,yes,False
0,3,male,16.4,0,0,32.04,Q,Third,man,False,,Queenstown,no,True
1,1,male,7.3,0,3,58.72,Q,First,child,False,,Queenstown,yes,False
1,3,male,32.7,0,0,32.36,S,Third,man,True,,Southampton,yes,True
0,1,male,28.5,0,1,57.42,S,First,man,True,,Southampton,no,False
1,3,male,22.1,0,0,44.52,S,Third,man,True,B,Southampton,yes,True
0,3,female,30.2,0,0,30.21,S,Third,woman,False,F,Southampton,no,True
0,3,male,67.7,0,3,33.39,S,Third,man,True,,Southampton,no,False
1,3,female,40.7,0,0,32.0,S,Third,woman,False,D,Southampton,yes,True
0,1,male,43.7,0,1,56.77,S,First,man,True,C,Southampton,no,False
0,3,male,40.8,0,0,29.53,S,Third,man,True,,Southampton,no,True
0,3,female,49.7,0,0,24.63,S,Third,woman,False,,Southampton,no,True
0,3,female,26.3,1,0,43.34,S,Third,woman,False,,Southampton,no,False
1,2,female,1.0,0,0,46.07,Q,Second,child,False,,Queenstown,yes,True
1,3,female,26.4,0,2,23.77,S,Third,woman,False,,Southampton,yes,False
1,3,female,40.4,0,1,39.83,S,Third,woman,False,C,Southampton,yes,False
0,3,female,15.4,3,0,27.06,Q,Third,child,False,,Queenstown,no,False
0,2,male,26.5,1,0,49.75,S,Second,man,True,,Southampton,no,False
1,3,female,19.3,0,0,21.27,S,Third,woman,False,,Southampton,yes,True
0,3,male,50.0,0,0,37.41,S,Third,man,True,D,Southampton,no,True
0,3,male,39.5,0,0,30.73,S,Third,man,True,C,Southampton,no,True
0,2,female,38.1,2,0,38.48,S,Second,woman,False,,Southampton,no,False
1,2,female,37.7,0,0,45.59,C,Second,woman,False,D,Cherbourg,yes,True
0,3,female,28.5,0,1,41.78,C,Third,woman,False,A,Cherbourg,no,False
0,3,male,31.8,4,0,24.75,C,Third,man,True,,Cherbourg,no,False
1,3,female,12.4,1,0,24.7,Q,Third,child,False,,Queenstown,yes,False
1,3,female,1.0,0,0,26.68,S,Third,child,False,E,Southampton,yes,True
1,1,male,31.1,0,1,58.27,C,First,man,True,A,Cherbourg,yes,False
0,3,male,33.5,0,0,35.44,S,Third,man,True,A,Southampton,no,True
0,1,male,45.9,0,0,61.18,S,First,man,True,,Southampton,no,True
1,1,female,51.0,0,0,56.68,C,First,woman,False,,Cherbourg,yes,True
0,3,male,51.0,2,1,29.84,C,Third,man,True,C,Cherbourg,no,False
0,3,female,15.0,2,0,44.19,C,Third,child,False,F,Cherbourg,no,False
0,3,male,24.1,0,0,32.62,S,Third,man,True,C,Southampton,no,True
0,2,female,35.7,0,0,42.28,S,Second,woman,False,C,Southampton,no,True
0,1,male,64.4,0,0,56.51,S,First,man,True,E,Southampton,no,True
1,3,female,49.7,0,0,29.4,S,Third,woman,False,,Southampton,yes,True
0,1,male,44.7,1,0,65.31,C,First,man,True,D,Cherbourg,no,False
1,1,male,23.6,0,0,54.16,C,First,man,True,F,Cherbourg,yes,True
1,2,female,16.6,0,0,48.87,S,Second,woman,False,,Southampton,yes,True
1,3,female,40.0,0,0,27.16,S,Third,woman,False,,Southampton,yes,True
1,3,female,13.6,0,0,28.04,S,Third,child,False,C,Southampton,yes,True
0,3,male,25.7,0,0,57.24,S,Third,man,True,A,Southampton,no,True
0,3,male,27.4,1,0,32.88,S,Third,man,True,A,Southampton,no,False
1,1,male,51.3,1,0,55.08,Q,First,man,True,F,Queenstown,yes,False
0,2,male,24.0,0,0,45.71,S,Second,man,True,,Southampton,no,True
1,3,female,1.0,1,0,35.85,Q,Third,child,False,C,Queenstown,yes,False
1,1,female,36.1,0,0,62.99,S,First,woman,False,,Southampton,yes,True
1,2,female,19.2,1,2,35.45,C,Second,woman,False,,Cherbourg,yes,False
1,2,female,29.6,0,0,42.78,S,Second,woman,False,A,Southampton,yes,True
0,1,female,27.8,0,0,61.06,S,First,woman,False,A,Southampton,no,True
1,3,female,25.2,2,0,30.41,S,Third,woman,False,D,Southampton,yes,False
0,3,male,40.1,0,0,25.45,S,Third,man,True,B,Southampton,no,True
1,1,male,7.5,0,0,63.14,C,First,child,False,,Cherbourg,yes,True
1,3,male,21.8,0,0,37.46,S,Third,man,True,A,Southampton,yes,True
1,3,female,38.6,0,1,21.38,S,Third,woman,False,,Southampton,yes,False
1,3,male,20.4,0,0,21.2,S,Third,man,True,,Southampton,yes,True
1,3,male,6.5,0,0,30.64,S,Third,child,False,,Southampton,yes,True
1,2,female,38.4,1,0,48.92,S,Second,woman,False,,Southampton,yes,False
0,3,male,44.7,0,0,24.77,S,Third,man,True,,Southampton,no,True
0,2,male,28.4,0,2,35.52,S,Second,man,True,,Southampton,no,False
1,2,female,1.5,0,0,42.88,S,Second,child,False,,Southampton,yes,True
1,1,female,38.9,1,0,60.53,C,First,woman,False,F,Cherbourg,yes,False
1,3,male,5.8,0,1,26.24,C,Third,child,False,C,Cherbourg,yes,False
0,2,female,33.3,0,0,51.12,S,Second,woman,False,F,Southampton,no,True
0,2,male,16.6,0,0,45.06,S,Second,man,False,D,Southampton,no,True
0,3,female,12.8,0,0,24.32,C,Third,child,False,,Cherbourg,no,True
0,2,male,22.8,1,1,39.74,S,Second,man,True,F,Southampton,no,False
0,2,male,26.4,0,0,43.02,Q,Second,man,True,,Queenstown,no,True
1,1,male,20.0,1,0,55.89,S,First,man,True,,Southampton,yes,False
0,2,male,37.2,0,1,36.08,S,Second,man,True,E,Southampton,no,False
1,2,female,22.8,0,1,44.42,S,Second,woman,False,,Southampton,yes,False
0,2,male,42.7,0,0,39.85,S,Second,man,True,E,Southampton,no,True
0,1,male,32.9,0,0,55.61,S,First,man,True,,Southampton,no,True
0,3,male,19.2,0,0,22.92,S,Third,man,True,,Southampton,no,True
1,3,female,16.9,0,0,42.16,S,Third,woman,False,A,Southampton,yes,True
1,3,female,5.9,0,1,32.34,C,Third,child,False,,Cherbourg,yes,False
0,3,female,33.1,0,0,45.85,S,Third,woman,False,C,Southampton,no,True
0,3,male,24.0,0,0,26.21,S,Third,man,True,,Southampton,no,True
1,3,male,1.0,0,1,32.85,S,Third,child,False,,Southampton,yes,False
0,3,male,21.5,0,0,29.54,S,Third,man,True,G,Southampton,no,True
1,3,male,16.4,0,0,24.48,S,Third,man,False,,Southampton,yes,True
1,3,female,51.1,0,0,26.16,S,Third,woman,False,,Southampton,yes,True
1,3,female,5.2,0,0,32.33,S,Third,child,False,,Southampton,yes,True
1,3,male,8.8,0,1,22.92,S,Third,child,False,,Southampton,yes,False
1,1,male,44.5,0,0,66.23,S,First,man,True,,Southampton,yes,True
1,1,female,48.0,0,0,58.96,S,First,woman,False,,Southampton,yes,True
0,3,male,18.6,1,0,34.78,C,Third,man,True,,Cherbourg,no,False
0,3,male,20.2,0,2,30.56,S,Third,man,True,,Southampton,no,False
0,2,male,37.6,0,0,36.4,S,Second,man,True,C,Southampton,no,True
0,3,male,1.0,0,2,27.78,Q,Third,child,False,D,Queenstown,no,False
0,3,male,2.9,1,1,36.47,S,Third,child,False,E,Southampton,no,False
0,3,male,25.1,0,0,28.86,S,Third,man,True,C,Southampton,no,True
0,1,male,50.7,1,1,57.94,C,First,man,True,G,Cherbourg,no,False
1,1,male,22.9,0,0,58.85,S,First,man,True,D,Southampton,yes,True
0,3,male,30.4,0,0,20.95,C,Third,man,True,,Cherbourg,no,True
0,3,male,44.9,0,0,37.65,S,Third,man,True,C,Southampton,no,True
0,3,female,58.5,0,1,20.22,Q,Third,woman,False,E,Queenstown,no,False
1,3,female,20.9,2,1,40.18,Q,Third,woman,False,,Queenstown,yes,False
0,3,male,28.8,0,0,25.85,S,Third,man,True,G,Southampton,no,True
0,2,male,54.5,2,3,46.11,C,Second,man,True,,Cherbourg,no,False
1,2,female,7.7,0,0,35.81,S,Second,child,False,,Southampton,yes,True
0,2,male,43.4,1,1,48.82,S,Second,man,True,,Southampton,no,False
1,3,male,14.7,2,1,32.2,S,Third,child,False,,Southampton,yes,False
0,3,female,30.4,0,0,31.67,S,Third,woman,False,B,Southampton,no,True
1,2,male,25.6,0,0,35.74,S,Second,man,True,C,Southampton,yes,True
1,3,female,15.6,1,0,23.93,S,Third,child,False,,Southampton,yes,False
0,2,male,15.2,0,1,45.6,S,Second,child,False,,Southampton,no,False
1,1,female,32.9,2,0,67.32,S,First,woman,False,,Southampton,yes,False
1,1,male,42.9,0,0,53.38,C,First,man,True,,Cherbourg,yes,True
0,1,male,27.2,0,0,53.47,S,First,man,True,C,Southampton,no,True
0,3,male,30.0,0,0,30.09,C,Third,man,True,,Cherbourg,no,True
0,2,male,37.0,1,0,70.1,C,Second,man,True,,Cherbourg,no,False
1,3,female,15.4,3,0,24.55,C,Third,child,False,,Cherbourg,yes,False
0,3,male,39.4,0,1,25.79,S,Third,man,True,D,Southampton,no,False
0,1,male,40.5,1,0,55.07,C,First,man,True,,Cherbourg,no,False
1,1,female,65.5,2,1,57.17,C,First,woman,False,C,Cherbourg,yes,False
0,3,female,23.7,0,0,38.27,C,Third,woman,False,,Cherbourg,no,True
0,2,male,22.6,0,3,42.49,C,Second,man,True,D,Cherbourg,no,False
0,3,male,39.8,1,0,57.31,S,Third,man,True,,Southampton,no,False
1,1,female,40.5,0,0,58.61,S,First,woman,False,D,Southampton,yes,True
1,3,female,21.5,0,0,39.48,C,Third,woman,False,,Cherbourg,yes,True
1,3,female,23.4,1,0,26.16,S,Third,woman,False,,Southampton,yes,False
1,1,female,36.6,0,0,52.29,C,First,woman,False,E,Cherbourg,yes,True
0,2,female,17.4,2,1,42.48,S,Second,woman,False,,Southampton,no,False
0,3,male,23.3,1,0,31.79,S,Third,man,True,,Southampton,no,False
0,2,male,30.3,1,0,38.96,S,Second,man,True,,Southampton,no,False
0,2,male,42.9,0,0,52.43,S,Second,man,True,E,Southampton,no,True
0,2,female,20.5,0,0,40.29,Q,Second,woman,False,,Queenstown,no,True
1,2,female,3.2,0,0,37.93,S,Second,child,False,,Southampton,yes,True
1,3,male,2.2,0,0,52.8,S,Third,child,False,,Southampton,yes,True
0,3,male,11.4,0,0,23.76,S,Third,child,False,,Southampton,no,True
1,2,male,10.6,0,3,40.15,Q,Second,child,False,,Queenstown,yes,False
0,3,female,26.8,0,0,33.23,S,Third,woman,False,C,Southampton,no,True
1,1,male,12.4,0,0,55.98,S,First,child,False,G,Southampton,yes,True
1,1,male,19.2,0,0,53.04,S,First,man,True,C,Southampton,yes,True
1,3,male,18.2,0,0,24.7,S,Third,man,True,E,Southampton,yes,True
0,3,male,22.8,0,0,46.99,Q,Third,man,True,C,Queenstown,no,True
0,1,male,47.5,1,2,62.1,Q,First,man,True,D,Queenstown,no,False
1,1,male,38.3,0,0,63.87,S,First,man,True,,Southampton,yes,True
1,3,male,29.2,1,0,29.72,S,Third,man,True,,Southampton,yes,False
1,3,male,22.5,1,1,31.0,S,Third,man,True,A,Southampton,yes,False
1,1,male,22.9,0,0,55.6,S,First,man,True,,Southampton,yes,True
0,2,male,33.6,0,1,43.81,S,Second,man,True,,Southampton,no,False
1,3,male,37.2,0,0,20.62,S,Third,man,True,,Southampton,yes,True
1,2,female,16.3,0,0,50.75,S,Second,woman,False,,Southampton,yes,True
1,1,male,29.5,0,2,55.55,C,First,man,True,,Cherbourg,yes,False
1,1,male,1.0,0,1,52.53,S,First,child,False,,Southampton,yes,False
1,2,male,32.0,1,1,44.21,S,Second,man,True,,Southampton,yes,False
0,3,male,39.7,2,0,26.75,S,Third,man,True,,Southampton,no,False
1,3,male,25.1,1,1,35.36,S,Third,man,True,E,Southampton,yes,False
0,3,male,54.4,0,0,27.61,S,Third,man,True,,Southampton,no,True
1,3,female,16.7,0,0,24.61,S,Third,woman,False,,Southampton,yes,True
0,3,male,32.0,3,0,27.76,S,Third,man,True,,Southampton,no,False
0,2,male,28.5,0,0,56.0,C,Second,man,True,,Cherbourg,no,True
1,2,male,27.6,0,0,50.71,C,Second,man,True,F,Cherbourg,yes,True
0,3,male,27.4,0,0,32.08,Q,Third,man,True,G,Queenstown,no,True
0,2,male,30.5,0,0,51.19,S,Second,man,True,,Southampton,no,True
1,3,female,40.9,0,1,32.76,S,Third,woman,False,,Southampton,yes,False
1,3,female,48.3,0,2,23.5,S,Third,woman,False,,Southampton,yes,False
1,1,male,29.0,0,0,63.95,S,First,man,True,,Southampton,yes,True
0,3,male,40.4,0,2,37.54,Q,Third,man,True,,Queenstown,no,False
1,1,male,19.2,0,0,68.22,Q,First,man,True,,Queenstown,yes,True
0,1,male,39.7,0,0,52.77,S,First,man,True,C,Southampton,no,True
1,3,female,18.3,0,1,25.17,S,Third,woman,False,,Southampton,yes,False
0,2,male,44.3,1,0,39.49,S,Second,man,True,B,Southampton,no,False
0,3,male,59.9,0,0,26.11,S,Third,man,True,,Southampton,no,True
1,3,female,27.3,0,0,31.18,Q,Third,woman,False,B,Queenstown,yes,True
1,3,male,1.0,1,0,29.03,S,Third,child,False,,Southampton,yes,False
0,2,male,21.3,0,1,44.03,S,Second,man,True,G,Southampton,no,False
0,2,female,46.2,1,0,37.0,S,Second,woman,False,B,Southampton,no,False
0,2,male,36.7,1,0,39.99,S,Second,man,True,,Southampton,no,False
1,1,male,32.5,0,0,69.14,S,First,man,True,,Southampton,yes,True
0,3,male,43.1,0,0,37.48,C,Third,man,True,C,Cherbourg,no,True
1,2,female,35.8,0,0,42.51,S,Second,woman,False,,Southampton,yes,True
1,1,male,46.0,4,2,63.97,S,First,man,True,C,Southampton,yes,False
0,3,male,41.9,1,1,30.44,S,Third,man,True,C,Southampton,no,False
0,2,male,50.3,2,1,50.07,S,Second,man,True,C,Southampton,no,False
1,1,male,34.0,2,0,64.41,S,First,man,True,,Southampton,yes,False
0,1,male,41.7,0,1,58.0,S,First,man,True,,Southampton,no,False
1,3,male,24.7,1,0,32.13,S,Third,man,True,,Southampton,yes,False
1,3,male,20.6,0,0,30.96,S,Third,man,True,,Southampton,yes,True
0,1,male,52.9,1,0,58.17,C,First,man,True,,Cherbourg,no,False
1,3,female,32.0,0,0,26.83,S,Third,woman,False,,Southampton,yes,True
0,3,male,40.3,0,1,44.57,Q,Third,man,True,,Queenstown,no,False
0,3,female,30.7,1,0,28.18,S,Third,woman,False,G,Southampton,no,False
0,1,male,20.8,1,2,63.37,S,First,man,True,C,Southampton,no,False
0,1,male,29.2,0,0,73.33,S,First,man,True,C,Southampton,no,True
0,3,female,49.1,0,0,32.12,S,Third,woman,False,,Southampton,no,True
0,2,female,36.8,0,0,46.73,S,Second,woman,False,,Southampton,no,True
0,3,male,5.0,3,0,28.22,S,Third,child,False,D,Southampton,no,False
0,3,female,26.0,0,0,31.1,C,Third,woman,False,,Cherbourg,no,True
0,1,male,54.0,0,0,56.36,S,First,man,True,,Southampton,no,True
1,3,male,26.0,0,2,60.43,S,Third,man,True,D,Southampton,yes,False
1,3,female,3.8,0,0,22.06,Q,Third,child,False,D,Queenstown,yes,True
0,3,male,55.5,0,0,27.18,S,Third,man,True,D,Southampton,no,True
1,2,female,38.6,0,0,47.26,Q,Second,woman,False,F,Queenstown,yes,True
0,3,male,28.0,1,0,31.74,C,Third,man,True,,Cherbourg,no,False
1,3,female,23.8,2,0,26.35,C,Third,woman,False,,Cherbourg,yes,False
0,3,male,44.2,2,0,21.22,C,Third,man,True,B,Cherbourg,no,False
1,3,male,21.4,0,0,22.49,S,Third,man,True,,Southampton,yes,True
1,3,male,45.1,0,0,29.52,S,Third,man,True,B,Southampton,yes,True
1,2,male,36.6,1,0,35.71,C,Second,man,True,G,Cherbourg,yes,False
1,1,male,32.4,1,0,62.89,C,First,man,True,G,Cherbourg,yes,False
1,1,male,31.0,0,0,68.5,S,First,man,True,,Southampton,yes,True
0,3,male,26.6,1,0,34.55,S,Third,man,True,,Southampton,no,False
0,3,male,43.6,1,0,36.6,S,Third,man,True,,Southampton,no,False
1,3,male,16.9,0,0,20.76,S,Third,man,False,A,Southampton,yes,True
0,2,female,6.3,1,1,41.57,S,Second,child,False,,Southampton,no,False
0,3,female,37.6,0,0,23.23,C,Third,woman,False,A,Cherbourg,no,True
0,3,female,37.8,0,0,21.54,C,Third,woman,False,E,Cherbourg,no,True
0,2,male,35.7,0,0,40.46,S,Second,man,True,,Southampton,no,True
0,3,female,34.7,0,0,42.95,S,Third,woman,False,,Southampton,no,True
1,3,male,24.5,1,0,47.21,S,Third,man,True,C,Southampton,yes,False
0,3,male,40.0,0,1,23.67,S,Third,man,True,,Southampton,no,False
1,1,male,28.4,0,2,58.64,S,First,man,True,,Southampton,yes,False
1,3,female,22.2,1,0,30.99,S,Third,woman,False,,Southampton,yes,False
1,3,male,24.6,1,0,26.61,S,Third,man,True,,Southampton,yes,False
0,3,male,57.3,1,0,39.41,S,Third,man,True,A,Southampton,no,False
0,3,female,4.7,0,0,25.53,S,Third,child,False,,Southampton,no,True
0,3,male,36.0,1,0,24.75,S,Third,man,True,C,Southampton,no,False
1,2,male,5.5,0,1,38.87,S,Second,child,False,B,Southampton,yes,False
1,3,female,27.5,0,0,26.57,S,Third,woman,False,,Southampton,yes,True
0,3,male,22.9,0,0,19.89,S,Third,man,True,,Southampton,no,True
1,3,male,1.0,0,0,26.83,S,Third,child,False,A,Southampton,yes,True
0,1,female,34.4,1,0,59.06,S,First,woman,False,,Southampton,no,False
1,2,female,23.7,0,0,44.5,S,Second,woman,False,,Southampton,yes,True
0,3,male,1.0,0,0,23.02,Q,Third,child,False,,Queenstown,no,True
0,2,male,40.8,1,0,44.36,S,Second,man,True,D,Southampton,no,False
0,3,male,49.1,1,1,29.21,S,Third,man,True,G,Southampton,no,False
0,2,male,49.9,0,1,44.37,S,Second,man,True,C,Southampton,no,False
0,3,male,34.0,2,0,34.75,C,Third,man,True,D,Cherbourg,no,False
0,3,male,29.6,1,0,22.89,C,Third,man,True,E,Cherbourg,no,False
1,2,female,47.6,3,0,41.67,S,Second,woman,False,E,Southampton,yes,False
1,3,female,52.6,3,0,21.1,S,Third,woman,False,C,Southampton,yes,False
0,2,male,44.9,2,0,48.8,S,Second,man,True,D,Southampton,no,False
1,3,male,15.8,1,2,23.39,S,Third,child,False,,Southampton,yes,False
0,3,male,31.8,0,0,36.36,S,Third,man,True,,Southampton,no,True
0,3,female,35.2,0,1,36.77,S,Third,woman,False,F,Southampton,no,False
1,1,male,3.7,0,0,57.23,Q,First,child,False,,Queenstown,yes,True
0,1,male,35.6,1,0,56.92,C,First,man,True,D,Cherbourg,no,False
0,3,male,60.8,0,0,21.84,S,Third,man,True,G,Southampton,no,True
0,3,male,38.0,1,0,28.42,Q,Third,man,True,,Queenstown,no,False
0,3,female,49.6,0,0,34.66,S,Third,woman,False,,Southampton,no,True
1,1,female,31.6,0,0,60.28,S,First,woman,False,D,Southampton,yes,True
0,2,male,28.0,0,1,56.01,C,Second,man,True,F,Cherbourg,no,False
1,3,female,34.3,0,0,26.03,S,Third,woman,False,,Southampton,yes,True
1,1,female,17.6,0,0,56.03,S,First,woman,False,,Southampton,yes,True
1,2,male,15.5,0,0,38.63,S,Second,child,False,G,Southampton,yes,True
0,3,male,46.7,1,0,50.58,S,Third,man,True,,Southampton,no,False
0,1,male,48.2,0,0,51.82,S,First,man,True,E,Southampton,no,True
1,3,female,15.1,0,0,33.92,S,Third,child,False,,Southampton,yes,True
0,2,male,42.6,0,0,49.87,S,Second,man,True,D,Southampton,no,True
1,3,male,27.8,0,0,34.43,S,Third,man,True,,Southampton,yes,True
1,3,male,33.8,0,0,23.94,S,Third,man,True,,Southampton,yes,True
1,3,female,35.4,1,0,27.23,S,Third,woman,False,,Southampton,yes,False
0,1,male,42.9,1,0,62.52,S,First,man,True,,Southampton,no,False
1,3,female,30.2,0,0,24.83,S,Third,woman,False,A,Southampton,yes,True
0,3,male,48.7,0,0,26.41,S,Third,man,True,F,Southampton,no,True
1,2,female,33.3,0,0,39.9,C,Second,woman,False,,Cherbourg,yes,True
0,1,male,37.7,0,0,58.88,S,First,man,True,,Southampton,no,True
1,1,male,17.3,1,1,58.43,C,First,man,False,,Cherbourg,yes,False
0,3,female,59.2,0,1,43.57,C,Third,woman,False,,Cherbourg,no,False
1,3,female,35.6,1,0,32.72,S,Third,woman,False,F,Southampton,yes,False
0,3,male,39.0,0,0,22.39,C,Third,man,True,F,Cherbourg,no,True
1,3,male,6.5,0,0,22.61,C,Third,child,False,,Cherbourg,yes,True
1,3,female,17.5,0,1,34.09,S,Third,woman,False,E,Southampton,yes,False
1,3,female,46.3,0,0,28.36,S,Third,woman,False,C,Southampton,yes,True
1,2,male,33.0,4,0,64.39,C,Second,man,True,,Cherbourg,yes,False
0,3,male,2.2,0,0,49.33,Q,Third,child,False,,Queenstown,no,True
0,1,female,43.5,1,0,53.61,S,First,woman,False,,Southampton,no,False
1,3,female,21.4,1,0,30.4,C,Third,woman,False,D,Cherbourg,yes,False
0,3,female,48.8,0,1,22.65,C,Third,woman,False,A,Cherbourg,no,False
1,2,male,27.8,0,2,48.93,C,Second,man,True,,Cherbourg,yes,False
0,3,male,31.9,0,0,45.86,Q,Third,man,True,,Queenstown,no,True
1,1,female,45.5,0,0,59.33,S,First,woman,False,C,Southampton,yes,True
1,3,female,16.4,1,0,25.85,S,Third,woman,False,C,Southampton,yes,False
1,3,female,15.1,0,0,31.21,S,Third,child,False,B,Southampton,yes,True
1,3,male,26.2,2,0,36.01,S,Third,man,True,,Southampton,yes,False
0,2,male,40.6,0,0,51.08,S,Second,man,True,,Southampton,no,True
0,1,female,10.4,0,1,55.91,C,First,child,False,,Cherbourg,no,False
0,1,male,5.6,1,2,54.72,Q,First,child,False,B,Queenstown,no,False
1,1,female,40.5,0,0,59.98,S,First,woman,False,,Southampton,yes,True
0,1,male,20.6,2,0,56.25,S,First,man,True,,Southampton,no,False
1,1,female,23.5,0,0,69.41,S,First,woman,False,C,Southampton,yes,True
0,3,female,3.0,3,0,26.19,S,Third,child,False,E,Southampton,no,False
1,1,male,19.5,1,0,58.81,S,First,man,True,,Southampton,yes,False
0,1,male,28.9,1,0,61.0,S,First,man,True,E,Southampton,no,False
0,3,male,42.0,0,0,21.9,S,Third,man,True,,Southampton,no,True
1,3,male,18.2,1,1,25.09,C,Third,man,True,,Cherbourg,yes,False
1,3,male,52.2,0,0,48.53,S,Third,man,True,F,Southampton,yes,True
0,3,male,19.4,1,0,35.54,S,Third,man,True,,Southampton,no,False
1,3,female,19.4,0,0,26.12,S,Third,woman,False,,Southampton,yes,True
0,3,male,50.5,0,2,33.97,S,Third,man,True,A,Southampton,no,False
0,3,male,32.0,0,0,39.2,Q,Third,man,True,,Queenstown,no,True
1,3,male,21.3,0,0,26.95,Q,Third,man,True,D,Queenstown,yes,True
0,2,male,26.8,0,0,50.02,S,Second,man,True,F,Southampton,no,True
0,2,male,47.9,1,0,48.54,S,Second,man,True,,Southampton,no,False
0,3,male,49.5,0,3,22.7,S,Third,man,True,,Southampton,no,False
1,1,female,17.6,1,0,56.98,S,First,woman,False,F,Southampton,yes,False
1,3,male,28.4,0,1,43.99,S,Third,man,True,C,Southampton,yes,False
