mpg,cylinders,displacement,horsepower,weight,acceleration,model_year,origin,car_name
9.0,4,142.3,51.4,4486.7,16.2,78,1,Car_1
9.0,6,225.2,66.4,5200.0,16.1,72,1,Car_2
9.0,4,108.9,45.0,3117.1,13.1,76,1,Car_3
9.0,6,180.7,97.2,5200.0,16.0,80,1,Car_4
9.0,4,126.5,67.6,4482.9,13.5,81,1,Car_5
9.0,4,120.3,52.9,4253.7,14.2,78,3,Car_6
9.0,6,169.1,66.6,5038.3,18.8,76,1,Car_7
9.0,4,150.8,52.5,4452.3,17.0,75,1,Car_8
9.0,6,179.5,56.8,5200.0,15.2,71,1,Car_9
9.0,4,145.4,70.2,5013.1,14.9,72,1,Car_10
9.0,3,98.9,45.0,3509.0,16.9,79,2,Car_11
9.0,4,134.0,45.0,4456.2,17.6,80,2,Car_12
9.0,8,238.2,108.6,5200.0,16.0,75,1,Car_13
9.0,6,127.7,68.0,4575.6,17.5,81,1,Car_14
9.0,4,120.8,45.0,4370.4,14.9,76,1,Car_15
9.0,4,130.8,59.9,4830.0,16.2,76,1,Car_16
9.0,6,196.6,63.0,5200.0,13.7,81,1,Car_17
9.0,4,107.5,45.0,3183.2,15.1,81,1,Car_18
9.0,6,166.8,67.0,5200.0,11.3,78,3,Car_19
9.0,4,162.3,74.8,4989.7,13.6,77,1,Car_20
9.0,8,188.5,48.4,5200.0,13.8,81,1,Car_21
9.0,3,124.7,67.2,4269.8,14.8,77,1,Car_22
9.0,4,102.5,48.0,3590.0,14.1,75,1,Car_23
9.0,6,231.4,95.5,5200.0,10.8,72,1,Car_24
9.0,6,213.8,115.1,5200.0,17.5,82,1,Car_25
9.0,4,60.0,45.0,2362.0,15.2,71,3,Car_26
9.0,6,305.1,114.3,5200.0,16.3,70,2,Car_27
9.0,4,191.3,56.9,5200.0,16.3,76,2,Car_28
9.0,8,179.6,79.0,5200.0,13.1,70,1,Car_29
9.0,4,160.2,67.6,5200.0,14.4,77,2,Car_30
9.0,6,179.0,63.1,5200.0,15.6,78,1,Car_31
9.0,4,93.2,45.0,2687.4,16.0,77,1,Car_32
9.0,6,155.9,74.5,5200.0,17.4,82,1,Car_33
9.0,8,279.9,88.8,5200.0,17.8,80,3,Car_34
9.0,8,267.4,84.6,5200.0,18.3,76,1,Car_35
9.0,4,158.3,51.0,5059.9,14.7,76,2,Car_36
9.0,3,115.7,53.0,4180.0,11.3,77,1,Car_37
9.0,4,154.9,57.5,5200.0,17.0,81,2,Car_38
9.0,6,265.9,130.8,5200.0,15.8,76,1,Car_39
9.0,4,143.2,70.7,5200.0,12.7,72,1,Car_40
9.0,6,191.1,98.5,5200.0,13.1,70,1,Car_41
9.0,8,287.4,79.8,5200.0,14.1,79,3,Car_42
9.0,4,199.7,80.4,5200.0,14.7,74,1,Car_43
9.0,4,142.1,57.1,4855.2,13.3,76,1,Car_44
9.0,6,159.7,46.0,5200.0,16.6,81,1,Car_45
9.0,8,252.7,79.7,5200.0,16.4,81,3,Car_46
9.0,4,122.2,46.6,3897.4,15.3,77,1,Car_47
9.0,4,167.3,76.2,5200.0,12.7,75,1,Car_48
9.0,4,112.6,55.4,4293.5,15.8,73,1,Car_49
9.0,5,179.5,59.0,5200.0,14.4,79,2,Car_50
9.0,6,236.1,84.7,5200.0,10.8,78,1,Car_51
9.0,6,271.6,131.4,5200.0,16.2,75,2,Car_52
9.0,4,129.7,67.3,4017.0,13.1,77,2,Car_53
9.0,4,166.7,82.2,5200.0,13.9,80,1,Car_54
9.0,5,204.9,107.6,5200.0,14.5,74,1,Car_55
9.0,4,99.4,45.2,3671.7,11.3,79,1,Car_56
9.0,6,207.9,88.7,5200.0,15.9,76,1,Car_57
9.0,8,280.8,122.9,5200.0,15.0,79,1,Car_58
9.0,6,335.7,174.9,5200.0,15.3,78,1,Car_59
9.0,4,169.1,62.2,5200.0,13.5,75,1,Car_60
9.0,4,161.0,45.5,4821.5,15.6,70,1,Car_61
9.0,4,93.0,45.0,3474.7,15.7,70,1,Car_62
9.0,4,126.7,69.6,3612.1,15.0,70,1,Car_63
9.0,4,75.4,45.0,2882.6,16.2,80,1,Car_64
9.0,6,115.1,50.6,3576.6,14.8,76,1,Car_65
9.0,8,275.7,113.3,5200.0,11.4,78,1,Car_66
9.0,4,109.5,45.0,4181.9,13.9,74,3,Car_67
9.0,4,131.0,45.0,5099.0,14.1,77,1,Car_68
9.0,6,242.1,78.1,5200.0,15.7,70,1,Car_69
9.0,8,209.2,85.8,5200.0,13.9,72,1,Car_70
9.0,4,150.2,60.7,5200.0,14.4,82,1,Car_71
9.0,4,154.8,52.5,5140.4,16.0,73,2,Car_72
9.0,4,153.9,64.2,5200.0,16.5,79,1,Car_73
9.0,6,243.4,97.1,5200.0,15.9,81,1,Car_74
9.0,4,154.3,81.3,4800.4,15.5,76,3,Car_75
9.0,6,216.5,103.3,5200.0,15.7,82,1,Car_76
9.0,6,172.9,50.2,5200.0,19.9,77,3,Car_77
9.0,6,175.8,96.1,5200.0,15.9,74,1,Car_78
9.0,4,60.0,45.0,2154.6,14.5,77,1,Car_79
9.0,4,188.2,100.6,5200.0,14.6,82,1,Car_80
9.0,4,215.5,114.4,5200.0,18.1,77,1,Car_81
9.0,4,126.9,68.5,5073.7,13.4,75,1,Car_82
9.0,4,140.1,57.5,4079.0,14.9,76,3,Car_83
9.0,4,167.5,81.2,4718.4,16.3,70,1,Car_84
9.0,6,221.5,114.1,5200.0,16.9,75,1,Car_85
9.0,4,136.4,69.1,4178.1,11.2,78,1,Car_86
9.0,6,227.4,106.0,5200.0,15.7,82,1,Car_87
9.0,4,201.3,104.7,5200.0,12.3,74,1,Car_88
9.0,4,138.1,58.8,5009.1,21.3,81,2,Car_89
9.0,6,228.0,89.7,5200.0,14.4,70,1,Car_90
9.0,6,188.2,66.7,5200.0,14.2,72,1,Car_91
9.0,6,210.5,74.5,5200.0,19.6,73,1,Car_92
9.0,6,254.3,74.9,5200.0,14.2,79,1,Car_93
9.0,8,277.0,133.3,5200.0,13.2,72,2,Car_94
9.0,4,112.2,51.2,3228.7,18.1,76,1,Car_95
9.0,3,65.3,45.0,2317.5,20.3,79,3,Car_96
9.0,6,166.1,74.3,5200.0,15.0,78,1,Car_97
9.0,4,187.4,84.4,5200.0,15.1,81,3,Car_98
9.0,6,201.0,58.6,5200.0,12.4,76,1,Car_99
9.0,6,125.0,61.0,3594.7,18.3,82,3,Car_100
9.0,4,81.6,45.0,2580.5,14.2,76,1,Car_101
9.0,4,154.5,54.1,5200.0,13.4,77,3,Car_102
9.0,4,83.6,45.0,2343.8,17.5,75,1,Car_103
9.0,4,95.0,45.0,3550.9,11.8,74,3,Car_104
9.0,4,151.6,61.0,4472.0,16.3,78,1,Car_105
9.0,4,184.3,64.3,5200.0,10.4,76,1,Car_106
9.0,4,164.1,74.8,5200.0,16.6,78,1,Car_107
9.0,8,190.6,94.2,5200.0,14.9,73,1,Car_108
9.0,6,241.2,72.4,5200.0,17.0,78,1,Car_109
9.0,6,269.9,137.1,5200.0,12.2,75,1,Car_110
9.0,4,108.1,52.7,4098.9,14.7,72,3,Car_111
9.0,6,229.1,70.7,5200.0,12.8,82,1,Car_112
9.0,6,264.9,75.4,5200.0,12.1,70,1,Car_113
9.0,4,165.0,53.8,5200.0,16.1,81,1,Car_114
9.0,6,119.9,62.8,4134.4,17.0,80,3,Car_115
9.0,4,115.7,45.0,4160.1,9.6,74,1,Car_116
9.0,8,260.4,128.2,5200.0,17.5,76,3,Car_117
9.0,4,134.2,65.2,4593.1,18.2,70,1,Car_118
9.0,4,130.8,57.9,5063.5,19.6,78,2,Car_119
9.0,6,144.3,45.0,5200.0,10.6,72,2,Car_120
9.0,4,116.3,52.9,3479.3,18.1,80,1,Car_121
9.0,4,117.0,45.0,4453.5,15.4,79,2,Car_122
9.0,8,290.8,121.5,5200.0,14.4,79,3,Car_123
9.0,4,123.3,64.4,4572.1,19.1,70,1,Car_124
9.0,4,133.4,45.0,4467.2,14.8,75,1,Car_125
9.0,4,74.7,45.0,2789.3,15.0,75,1,Car_126
9.0,8,323.7,176.7,5200.0,11.2,81,1,Car_127
9.0,6,209.7,88.6,5200.0,10.9,75,1,Car_128
9.0,4,155.3,78.2,5200.0,15.2,73,1,Car_129
9.0,6,172.3,60.5,5200.0,19.4,77,1,Car_130
9.0,6,206.2,64.2,5200.0,17.4,82,3,Car_131
9.0,4,143.5,56.7,5128.8,17.1,76,1,Car_132
9.0,8,257.2,125.9,5200.0,11.8,78,1,Car_133
9.0,4,138.9,61.9,5099.1,16.3,71,1,Car_134
9.0,6,248.7,108.7,5200.0,17.5,75,1,Car_135
9.0,4,137.6,45.0,5200.0,15.9,70,2,Car_136
9.0,3,124.2,59.2,4892.1,11.1,73,2,Car_137
9.0,6,242.1,93.0,5200.0,19.1,74,1,Car_138
9.0,4,88.6,45.0,3362.8,15.9,79,3,Car_139
9.0,4,173.6,76.1,5200.0,12.0,77,1,Car_140
9.0,8,265.0,100.1,5200.0,18.7,75,1,Car_141
9.0,6,243.4,76.7,5200.0,14.6,81,3,Car_142
9.0,4,145.3,69.9,4762.0,16.6,73,1,Car_143
9.0,4,113.5,45.0,3338.1,13.7,78,1,Car_144
9.0,4,60.0,45.0,1933.2,13.1,72,1,Car_145
9.0,4,222.4,118.8,5200.0,16.9,81,1,Car_146
9.0,4,114.3,53.0,3373.4,12.1,74,1,Car_147
9.0,4,127.6,49.7,3665.6,18.9,73,1,Car_148
9.0,4,97.2,45.0,3371.1,14.8,76,1,Car_149
9.0,4,105.2,45.0,3111.7,15.0,72,1,Car_150
9.0,6,198.4,86.7,5200.0,15.0,80,1,Car_151
9.0,4,109.6,45.0,3469.1,16.1,78,3,Car_152
9.0,8,240.3,105.4,5200.0,13.1,80,1,Car_153
9.0,4,132.1,56.7,3728.9,14.9,70,3,Car_154
9.0,5,207.8,82.3,5200.0,19.5,73,1,Car_155
9.0,4,149.2,80.6,4781.0,16.7,82,1,Car_156
9.0,6,142.9,71.6,5200.0,14.0,78,1,Car_157
9.0,8,350.9,123.6,5200.0,12.9,80,2,Car_158
9.0,4,114.8,45.0,4521.6,11.6,73,1,Car_159
9.0,6,126.6,66.9,3846.6,16.6,77,1,Car_160
9.0,8,287.5,84.5,5200.0,12.9,72,1,Car_161
9.0,6,181.7,60.3,5200.0,17.0,76,1,Car_162
9.0,6,81.6,45.0,2463.3,15.2,72,2,Car_163
9.0,4,124.1,48.7,4806.6,15.4,74,1,Car_164
9.0,8,340.8,177.7,5200.0,14.4,79,2,Car_165
9.0,8,282.0,119.5,5200.0,13.6,73,1,Car_166
9.0,8,191.5,81.3,5200.0,13.4,77,1,Car_167
9.0,4,154.5,45.0,4345.6,16.1,73,1,Car_168
9.0,3,118.1,45.0,3693.0,12.9,70,1,Car_169
9.0,4,144.1,45.4,4425.0,13.8,75,1,Car_170
9.0,4,191.6,87.0,5200.0,13.2,79,1,Car_171
9.0,6,271.9,145.9,5200.0,18.4,74,1,Car_172
9.0,3,121.9,62.0,4756.6,10.6,74,2,Car_173
9.0,5,128.2,45.0,4232.3,16.4,76,1,Car_174
9.0,8,305.2,123.8,5200.0,19.7,76,1,Car_175
9.0,4,139.3,67.0,5195.6,10.5,74,1,Car_176
9.0,4,126.3,49.1,4674.7,16.1,80,3,Car_177
9.0,4,130.3,45.0,4410.7,13.0,82,1,Car_178
9.0,6,77.8,45.0,2180.4,16.8,77,1,Car_179
9.0,4,145.2,78.3,4269.1,12.2,73,2,Car_180
9.0,8,265.7,94.7,5200.0,17.2,75,1,Car_181
9.0,8,167.1,73.4,5200.0,13.7,73,1,Car_182
9.0,6,167.7,73.9,4741.3,12.3,77,2,Car_183
9.0,6,92.1,45.0,3183.7,14.8,79,1,Car_184
9.0,4,175.3,76.3,5200.0,13.4,70,1,Car_185
9.0,4,206.2,102.9,5200.0,9.8,71,2,Car_186
9.0,4,142.4,48.2,5200.0,12.1,79,3,Car_187
9.0,6,211.0,83.2,5200.0,18.1,80,2,Car_188
9.0,4,96.6,45.0,2866.0,14.5,81,1,Car_189
9.0,4,165.4,76.4,5021.3,16.4,82,1,Car_190
9.0,8,207.6,69.4,5200.0,12.9,79,1,Car_191
9.0,4,115.2,48.2,3860.3,16.2,75,3,Car_192
9.0,6,108.8,45.0,3857.4,15.3,75,1,Car_193
9.0,6,210.2,99.2,5200.0,18.0,74,1,Car_194
9.0,6,161.8,54.1,4877.2,15.2,76,3,Car_195
9.0,6,105.1,55.8,4161.4,14.5,79,3,Car_196
9.0,4,94.0,45.0,2911.0,14.4,71,2,Car_197
9.0,8,393.2,176.8,5200.0,14.6,73,1,Car_198
9.0,4,167.1,63.7,5200.0,16.0,81,2,Car_199
9.0,6,248.0,69.8,5200.0,16.0,73,3,Car_200
9.0,4,72.1,45.0,2828.2,12.4,82,3,Car_201
9.0,4,146.1,48.7,4175.1,18.1,82,2,Car_202
9.0,6,236.0,63.4,5200.0,12.6,80,1,Car_203
9.0,6,250.2,110.9,5200.0,14.5,76,3,Car_204
9.0,4,134.8,45.0,4751.2,14.7,82,2,Car_205
9.0,4,142.6,54.7,4148.6,14.6,73,1,Car_206
9.0,4,147.1,73.7,4634.8,15.2,79,3,Car_207
9.0,8,348.8,100.9,5200.0,13.0,72,2,Car_208
9.0,6,180.2,93.3,5200.0,15.2,77,2,Car_209
9.0,4,144.7,53.4,5010.3,14.3,79,2,Car_210
9.0,8,407.3,181.3,5200.0,18.2,77,3,Car_211
9.0,4,145.0,62.7,4209.9,14.4,79,1,Car_212
9.0,4,137.3,50.2,4023.6,18.4,79,3,Car_213
9.0,8,400.0,152.2,5200.0,15.7,71,3,Car_214
9.0,5,175.0,52.3,5200.0,14.2,71,2,Car_215
9.0,8,351.1,190.9,5200.0,18.3,76,1,Car_216
9.0,6,277.5,90.2,5200.0,18.9,72,3,Car_217
9.0,4,126.0,46.8,3767.2,14.1,82,3,Car_218
9.0,6,229.2,66.2,5200.0,15.5,71,2,Car_219
9.0,4,136.9,45.0,5002.2,16.6,79,3,Car_220
9.0,4,103.5,45.0,3276.7,15.3,75,1,Car_221
9.0,6,157.3,58.8,4938.6,14.2,80,1,Car_222
9.0,4,160.5,45.0,5200.0,14.1,81,3,Car_223
9.0,4,159.8,62.9,4864.3,18.3,77,3,Car_224
9.0,6,236.1,106.4,5200.0,18.1,78,1,Car_225
9.0,4,135.9,45.0,5200.0,14.0,71,1,Car_226
9.0,6,159.8,45.0,5200.0,14.5,73,1,Car_227
9.0,8,410.2,172.3,5200.0,13.7,71,1,Car_228
9.0,6,169.1,80.2,5200.0,18.4,72,1,Car_229
9.0,4,152.6,63.9,4747.5,14.3,78,2,Car_230
9.0,8,232.1,61.1,5200.0,15.8,80,1,Car_231
9.0,6,185.3,92.5,5200.0,17.5,79,2,Car_232
9.0,4,121.9,45.0,4142.0,10.7,79,1,Car_233
9.0,6,209.7,56.9,5200.0,15.1,80,1,Car_234
9.0,4,154.5,76.2,5152.2,11.4,82,1,Car_235
9.0,6,245.6,126.9,5200.0,18.5,79,1,Car_236
9.0,6,136.8,61.5,4402.2,11.2,81,2,Car_237
9.0,5,114.9,62.4,3686.6,10.5,82,1,Car_238
9.0,4,123.6,47.5,4015.1,18.9,81,1,Car_239
9.0,4,136.4,72.0,4780.4,13.6,74,1,Car_240
9.0,4,113.0,45.0,3811.6,12.2,70,1,Car_241
9.0,8,296.2,131.8,5200.0,11.8,79,2,Car_242
9.0,4,134.3,47.5,3983.7,15.9,79,1,Car_243
9.0,5,139.6,45.0,4220.0,15.7,70,1,Car_244
9.0,3,124.8,47.5,4599.0,16.3,80,3,Car_245
9.0,8,306.2,118.8,5200.0,14.6,72,1,Car_246
9.0,8,296.8,74.3,5200.0,19.5,75,1,Car_247
9.0,4,127.5,63.9,4311.2,15.3,71,1,Car_248
9.0,6,174.4,78.0,5200.0,14.5,75,3,Car_249
9.0,8,348.8,87.5,5200.0,12.4,73,1,Car_250
9.0,6,210.5,57.0,5200.0,11.8,77,2,Car_251
9.0,6,149.1,45.0,4828.2,19.7,75,1,Car_252
9.0,4,163.4,47.4,5200.0,11.8,79,1,Car_253
9.0,4,205.7,62.7,5200.0,12.5,74,1,Car_254
9.0,5,142.6,47.4,4127.5,15.0,70,3,Car_255
9.0,8,281.0,95.4,5200.0,18.5,78,1,Car_256
9.0,4,135.4,53.2,4814.1,12.7,74,1,Car_257
9.0,8,322.7,127.7,5200.0,14.6,70,1,Car_258
9.0,4,138.1,73.2,4168.2,15.9,70,2,Car_259
9.0,4,121.1,45.0,3881.4,15.5,81,3,Car_260
9.0,8,321.9,155.3,5200.0,18.0,74,1,Car_261
9.0,8,305.3,132.4,5200.0,16.2,81,3,Car_262
9.0,6,273.2,117.0,5200.0,20.3,81,1,Car_263
9.0,6,272.7,145.1,5200.0,16.3,82,3,Car_264
9.0,4,133.0,72.5,3992.4,15.9,78,1,Car_265
9.0,4,167.3,84.6,5200.0,12.2,82,3,Car_266
9.0,6,248.6,106.1,5200.0,15.8,81,1,Car_267
9.0,4,176.5,59.5,5200.0,13.1,82,2,Car_268
9.0,4,143.8,73.3,5011.3,14.6,73,3,Car_269
9.0,4,89.6,45.0,3484.5,15.7,76,1,Car_270
9.0,8,208.5,73.0,5200.0,16.3,78,1,Car_271
9.0,5,153.4,79.8,5200.0,15.4,81,3,Car_272
9.0,6,180.8,46.1,5200.0,12.7,76,2,Car_273
9.0,4,162.7,46.7,4557.9,12.7,73,1,Car_274
9.0,4,152.1,48.3,4504.9,12.4,78,1,Car_275
9.0,8,295.6,159.8,5200.0,16.3,76,2,Car_276
9.0,8,290.3,128.9,5200.0,14.6,77,1,Car_277
9.0,4,120.2,54.0,3632.8,15.7,71,1,Car_278
9.0,4,196.8,98.0,5200.0,12.5,73,1,Car_279
9.0,6,221.8,116.8,5200.0,13.6,79,1,Car_280
9.0,4,144.0,55.5,5048.6,17.8,72,2,Car_281
9.0,4,137.8,47.0,5200.0,14.3,81,1,Car_282
9.0,6,146.3,45.0,5200.0,18.6,70,3,Car_283
9.0,4,178.1,56.1,5200.0,16.5,78,3,Car_284
9.0,4,161.2,45.0,5200.0,14.0,73,1,Car_285
9.0,8,413.5,203.8,5200.0,17.6,75,3,Car_286
9.0,4,163.6,45.6,5200.0,15.6,70,1,Car_287
9.0,4,163.8,86.6,5200.0,12.6,82,2,Car_288
9.0,4,123.2,48.1,4054.5,15.1,79,3,Car_289
9.0,4,150.4,51.6,4322.0,15.1,72,1,Car_290
9.0,4,159.2,49.9,5200.0,13.4,79,3,Car_291
9.0,8,156.1,81.5,5139.0,13.9,82,1,Car_292
9.0,6,297.4,103.5,5200.0,10.9,77,3,Car_293
9.0,8,312.1,87.9,5200.0,15.3,71,1,Car_294
9.0,3,134.2,45.0,4456.6,14.0,71,3,Car_295
9.0,4,176.1,78.4,5200.0,13.8,74,2,Car_296
9.0,8,218.0,101.1,5200.0,16.6,78,3,Car_297
9.0,4,116.0,45.0,3302.8,21.4,72,2,Car_298
9.0,4,135.3,62.9,3839.9,14.1,72,1,Car_299
9.0,4,130.1,54.2,4647.9,15.8,76,1,Car_300
9.0,4,150.0,65.5,4676.4,17.3,75,3,Car_301
9.0,6,257.4,89.5,5200.0,15.9,75,2,Car_302
9.0,4,86.3,45.0,2800.9,15.1,72,3,Car_303
9.0,4,130.4,45.0,3938.2,15.9,80,1,Car_304
9.0,4,170.3,53.8,5200.0,15.7,71,1,Car_305
9.0,4,88.7,45.0,2899.6,13.8,78,3,Car_306
9.0,4,159.4,74.5,5200.0,16.6,80,2,Car_307
9.0,6,262.1,78.0,5200.0,15.3,80,3,Car_308
9.0,4,108.6,49.7,4099.5,14.9,76,1,Car_309
9.0,4,149.7,62.9,4231.2,14.4,72,1,Car_310
9.0,4,162.5,49.2,4713.0,16.3,80,3,Car_311
9.0,4,155.5,78.0,4414.7,14.7,74,3,Car_312
9.0,4,164.1,52.4,5200.0,18.1,73,2,Car_313
9.0,4,152.3,60.1,5200.0,13.2,71,1,Car_314
9.0,4,149.7,61.4,5200.0,15.5,73,2,Car_315
9.0,6,223.3,76.4,5200.0,19.8,72,1,Car_316
9.0,8,345.8,178.3,5200.0,14.8,78,1,Car_317
9.0,6,183.3,47.9,5200.0,12.2,72,1,Car_318
9.0,6,246.6,74.4,5200.0,16.6,75,2,Car_319
9.0,6,148.6,78.9,4212.2,12.6,76,2,Car_320
9.0,4,96.1,46.1,3712.6,18.6,75,1,Car_321
9.0,8,116.6,45.7,3371.8,14.5,76,3,Car_322
9.0,4,122.4,55.5,3766.2,14.6,77,1,Car_323
9.0,4,110.6,47.4,3430.5,14.6,77,3,Car_324
9.0,6,200.7,52.3,5200.0,14.0,70,3,Car_325
9.0,6,216.3,86.2,5200.0,14.6,73,1,Car_326
9.0,4,116.4,45.0,3407.9,14.3,70,1,Car_327
9.0,6,248.2,90.5,5200.0,14.8,78,3,Car_328
9.0,4,156.0,67.0,5200.0,15.9,78,1,Car_329
9.0,8,205.2,62.9,5200.0,14.5,80,1,Car_330
9.0,4,74.2,45.0,2891.0,21.7,78,1,Car_331
9.0,4,137.7,45.0,5090.8,15.4,78,2,Car_332
9.0,6,161.4,45.3,5200.0,17.0,71,2,Car_333
9.0,6,258.9,118.7,5200.0,13.3,73,1,Car_334
9.0,4,157.9,55.3,5200.0,14.7,71,3,Car_335
9.0,6,183.4,55.2,5200.0,14.1,73,2,Car_336
9.0,4,152.0,55.0,5200.0,19.2,79,2,Car_337
9.0,8,290.4,124.5,5200.0,15.9,73,3,Car_338
9.0,4,173.0,59.9,5200.0,13.9,75,3,Car_339
9.0,6,174.7,65.4,5200.0,11.5,71,3,Car_340
9.0,4,225.1,113.3,5200.0,16.4,75,2,Car_341
9.0,4,157.9,83.1,5200.0,16.1,80,1,Car_342
9.0,4,145.5,70.5,4634.4,17.6,75,3,Car_343
9.0,8,314.5,133.8,5200.0,14.4,82,1,Car_344
9.0,4,126.0,45.0,4689.3,15.8,82,1,Car_345
9.0,5,169.1,89.9,5151.1,16.8,71,1,Car_346
9.0,6,164.0,84.6,5200.0,13.0,70,2,Car_347
9.0,6,257.9,117.5,5200.0,17.7,74,1,Car_348
9.0,6,200.5,78.6,5200.0,11.4,74,3,Car_349
9.0,6,207.0,60.8,5200.0,16.2,80,1,Car_350
9.0,4,131.3,45.0,4790.3,14.0,75,1,Car_351
9.0,6,198.4,57.1,5200.0,14.4,72,2,Car_352
9.0,4,116.6,45.0,3417.6,16.7,75,1,Car_353
9.0,4,133.9,45.0,5137.7,18.0,75,1,Car_354
9.0,8,113.8,45.0,4018.6,15.7,78,1,Car_355
9.0,4,179.2,49.4,5200.0,14.5,70,1,Car_356
9.0,6,197.0,58.5,5200.0,13.6,81,2,Car_357
9.0,4,121.1,55.9,4428.8,11.9,82,2,Car_358
9.0,6,259.7,115.6,5200.0,13.7,74,2,Car_359
9.0,8,395.4,171.1,5200.0,16.3,74,1,Car_360
9.0,4,97.4,45.0,3864.0,16.0,81,3,Car_361
9.0,8,362.2,116.8,5200.0,14.7,77,1,Car_362
9.0,4,100.2,45.0,2869.4,14.5,77,1,Car_363
9.0,4,143.9,45.0,5200.0,17.5,73,1,Car_364
9.0,6,280.5,119.8,5200.0,16.5,76,1,Car_365
9.0,8,216.5,62.1,5200.0,15.9,72,1,Car_366
9.0,6,168.4,70.9,5200.0,12.3,82,1,Car_367
9.0,6,271.6,121.7,5200.0,14.5,77,2,Car_368
9.0,4,60.0,45.0,1991.8,18.2,77,1,Car_369
9.0,3,139.2,45.0,3979.3,16.0,77,1,Car_370
9.0,4,97.6,45.0,3305.5,10.8,74,1,Car_371
9.0,6,225.9,113.8,5200.0,15.3,80,3,Car_372
9.0,6,145.2,68.3,4145.1,16.8,79,1,Car_373
9.0,8,274.1,133.7,5200.0,14.2,76,1,Car_374
9.0,6,179.2,58.6,5173.2,15.8,77,3,Car_375
9.0,4,124.5,54.5,4253.5,20.2,71,3,Car_376
9.0,4,111.6,45.0,3488.9,11.7,81,2,Car_377
9.0,4,149.2,58.8,5200.0,12.2,77,1,Car_378
9.0,6,187.0,74.8,5200.0,13.5,77,1,Car_379
9.0,4,158.9,60.1,5200.0,12.0,78,1,Car_380
9.0,4,148.2,47.8,5200.0,15.9,77,1,Car_381
9.0,8,275.8,92.5,5200.0,15.7,70,2,Car_382
9.0,6,232.7,67.2,5200.0,14.9,77,3,Car_383
9.0,8,285.0,118.0,5200.0,14.7,77,1,Car_384
9.0,6,115.5,62.8,4001.5,15.2,81,1,Car_385
9.0,4,151.8,56.8,5171.2,15.1,78,1,Car_386
9.0,4,123.1,57.9,3660.0,13.3,82,1,Car_387
9.0,4,107.9,45.0,4035.2,15.3,75,3,Car_388
9.0,4,101.0,53.9,3129.9,17.7,77,3,Car_389
9.0,4,112.6,45.0,3496.3,16.0,80,3,Car_390
9.0,6,237.7,83.8,5200.0,13.1,79,1,Car_391
9.0,4,75.5,45.0,2310.5,15.1,73,3,Car_392
9.0,6,237.3,78.0,5200.0,10.7,73,2,Car_393
9.0,4,95.7,45.0,3727.2,10.1,71,2,Car_394
9.0,4,139.3,74.6,5200.0,14.6,76,1,Car_395
9.0,4,198.8,73.9,5200.0,16.5,81,3,Car_396
9.0,4,151.3,73.8,4978.6,16.7,80,1,Car_397
9.0,6,183.8,88.9,5200.0,8.5,73,3,Car_398
